filename,prob
frame_0.jpg,0.00019257827079854906
frame_6.jpg,0.00025803520111367106
frame_4.jpg,0.0008356274920515716
frame_3.jpg,0.0002746695827227086
frame_5.jpg,0.00025034972350113094
frame_8.jpg,0.00019767371122725308
frame_0.jpg,0.00021762988762930036
frame_1.jpg,0.00022239131794776767
frame_2.jpg,0.0002558512205723673
frame_7.jpg,0.00020599091658368707
frame_10.jpg,0.0001437189057469368
frame_13.jpg,0.0001434866717318073
frame_6.jpg,0.00014263488992583007
frame_4.jpg,0.00019597513892222196
frame_9.jpg,0.00013303964806254953
frame_3.jpg,0.00014301104238256812
frame_5.jpg,0.000148475868627429
frame_8.jpg,0.00013787136413156986
frame_0.jpg,0.0001264382735826075
frame_11.jpg,0.00014681450556963682
frame_1.jpg,0.00014006895071361214
frame_14.jpg,0.0001696572726359591
frame_12.jpg,0.00015027652261778712
frame_2.jpg,0.00016452585987281054
frame_7.jpg,0.00015164674550760537
frame_6.jpg,0.0024295139592140913
frame_4.jpg,0.0004920446663163602
frame_3.jpg,0.0010201716795563698
frame_5.jpg,0.0021708235144615173
frame_0.jpg,0.0006231041043065488
frame_1.jpg,0.0005436724750325084
frame_2.jpg,0.001034808810800314
frame_7.jpg,0.00031357939587906003
frame_0.jpg,0.00034777240944094956
frame_10.jpg,0.00019073205476161093
frame_13.jpg,0.00022552319569513202
frame_6.jpg,0.00025591321173124015
frame_4.jpg,0.00017355041927658021
frame_9.jpg,0.00022957150940783322
frame_3.jpg,0.00023617812257725745
frame_5.jpg,0.0001937429915415123
frame_8.jpg,0.00020549244072753936
frame_0.jpg,0.00021432971698231995
frame_11.jpg,0.00020054147171322256
frame_1.jpg,0.0001842855563154444
frame_14.jpg,0.00019901075575035065
frame_12.jpg,0.000223625436774455
frame_2.jpg,0.00017573905643075705
frame_7.jpg,0.00020182112348265946
frame_0.jpg,0.0005771775031462312
frame_0.jpg,0.0020017416682094336
frame_0.jpg,0.00012532126856967807
frame_0.jpg,0.00019155126938130707
frame_6.jpg,0.00018036458641290665
frame_4.jpg,0.00017865434347186238
frame_9.jpg,0.0001845313818193972
frame_3.jpg,0.0001543248217785731
frame_5.jpg,0.00014844248653389513
frame_8.jpg,0.0002392655733274296
frame_0.jpg,0.0002547539188526571
frame_1.jpg,0.00019628668087534606
frame_2.jpg,0.00014962026034481823
frame_7.jpg,0.00017394789028912783
frame_10.jpg,0.00014420498337130994
frame_13.jpg,0.0001467594993300736
frame_6.jpg,0.00014916894724592566
frame_4.jpg,0.00021164143981877714
frame_9.jpg,0.00015713091124780476
frame_3.jpg,0.00026885452098213136
frame_5.jpg,0.00015425862511619925
frame_8.jpg,0.0001538373326184228
frame_0.jpg,0.00030208559473976493
frame_11.jpg,0.00015907258784864098
frame_1.jpg,0.00022133468883112073
frame_14.jpg,0.000184670090675354
frame_12.jpg,0.00015553885896224529
frame_2.jpg,0.00019257863459642977
frame_7.jpg,0.0001383292255923152
frame_10.jpg,0.0001553654292365536
frame_6.jpg,0.0001465765672037378
frame_4.jpg,0.00016149312432389706
frame_9.jpg,0.0001560064556542784
frame_3.jpg,0.00023715361021459103
frame_5.jpg,0.0001741202868288383
frame_8.jpg,0.00014964309229981154
frame_0.jpg,0.00017643196042627096
frame_11.jpg,0.00016029985272325575
frame_1.jpg,0.00017321151972282678
frame_12.jpg,0.00015922161401249468
frame_2.jpg,0.00019024401262868196
frame_7.jpg,0.00014808001287747175
frame_6.jpg,0.036351654678583145
frame_4.jpg,0.0004753083048854023
frame_3.jpg,0.15679927170276642
frame_5.jpg,0.17554526031017303
frame_8.jpg,0.0831090435385704
frame_0.jpg,0.00019461300689727068
frame_1.jpg,0.3145587742328644
frame_2.jpg,0.0004110289446543902
frame_7.jpg,0.0006639143102802336
frame_0.jpg,0.00015508747310377657
frame_6.jpg,0.00021343608386814594
frame_4.jpg,0.00021641173225361854
frame_3.jpg,0.00021975736308377236
frame_5.jpg,0.0001972574245883152
frame_8.jpg,0.00021392384951468557
frame_0.jpg,0.00027256851899437606
frame_1.jpg,0.00019035906007047743
frame_2.jpg,0.00024156352446880192
frame_7.jpg,0.00027022967697121203
frame_6.jpg,0.0001500349899288267
frame_4.jpg,0.00021586418733932078
frame_3.jpg,0.0001797645236365497
frame_5.jpg,0.00021945063781458884
frame_0.jpg,0.00015653244918212295
frame_1.jpg,0.00015550045645795763
frame_2.jpg,0.00013651076005771756
frame_7.jpg,0.00015283813991118222
frame_0.jpg,0.0001619881804799661
frame_10.jpg,0.0001695043029030785
frame_13.jpg,0.0002475560177117586
frame_6.jpg,0.00030076716211624444
frame_4.jpg,0.00013342039892449975
frame_9.jpg,0.0002524547162465751
frame_3.jpg,0.0002782712399493903
frame_5.jpg,0.007578668650239706
frame_8.jpg,0.00019736071408260614
frame_0.jpg,0.000143584402394481
frame_11.jpg,0.00023566281015519053
frame_1.jpg,0.00015795744548086077
frame_14.jpg,0.00022213553893379867
frame_12.jpg,0.00017496875079814345
frame_2.jpg,0.00016856544243637472
frame_7.jpg,0.00030945302569307387
frame_0.jpg,0.0001684059388935566
frame_0.jpg,0.008625817485153675
frame_0.jpg,0.00027446774765849113
frame_10.jpg,0.00020191659859847277
frame_6.jpg,0.00022072860156185925
frame_4.jpg,0.00018757353245746344
frame_9.jpg,0.000239647546550259
frame_3.jpg,0.00023110464098863304
frame_5.jpg,0.0002438847004668787
frame_8.jpg,0.00026786894886754453
frame_0.jpg,0.00022092313156463206
frame_11.jpg,0.00018792907940223813
frame_1.jpg,0.00020871864398941398
frame_2.jpg,0.00023656485427636653
frame_7.jpg,0.0002351999719394371
frame_0.jpg,0.0002028698945650831
frame_0.jpg,0.00025237363297492266
frame_10.jpg,0.00025518081383779645
frame_13.jpg,0.0003058651927858591
frame_6.jpg,0.0002035600773524493
frame_4.jpg,0.00024513332755304873
frame_9.jpg,0.0002502757415641099
frame_3.jpg,0.000242147856624797
frame_5.jpg,0.0002656698925420642
frame_8.jpg,0.0002481333212926984
frame_0.jpg,0.00017018090875353664
frame_11.jpg,0.00025718024699017406
frame_1.jpg,0.00015297402569558471
frame_14.jpg,0.00030394725035876036
frame_12.jpg,0.00022041167540010065
frame_2.jpg,0.00021383493731264025
frame_7.jpg,0.00017125887097790837
frame_10.jpg,0.00014847531565465033
frame_13.jpg,0.0001610889594303444
frame_6.jpg,0.00016226521984208375
frame_4.jpg,0.00013284620945341885
frame_9.jpg,0.00014711088442709297
frame_3.jpg,0.00015109121159184724
frame_5.jpg,0.0001313688262598589
frame_8.jpg,0.00012413915828801692
frame_0.jpg,0.00014779773482587188
frame_11.jpg,0.0001728544884826988
frame_1.jpg,0.00018042065494228154
frame_14.jpg,0.00022075216111261398
frame_12.jpg,0.00012691783194895834
frame_2.jpg,0.0001496903132647276
frame_7.jpg,0.0001255662355106324
frame_0.jpg,0.00019830538076348603
frame_6.jpg,0.00026384537341073155
frame_3.jpg,0.7246447205543518
frame_5.jpg,0.0002900538092944771
frame_1.jpg,0.00022389829973690212
frame_6.jpg,0.00022718259424436837
frame_4.jpg,0.00021290277072694153
frame_3.jpg,0.0002089677582262084
frame_5.jpg,0.00023009763390291482
frame_0.jpg,0.00014202200691215694
frame_1.jpg,0.00022407661890611053
frame_2.jpg,0.00014570480561815202
frame_7.jpg,0.0006563102942891419
frame_0.jpg,0.00014682220353279263
frame_6.jpg,0.00016287440666928887
frame_4.jpg,0.0001584020646987483
frame_9.jpg,0.0001486131368437782
frame_3.jpg,0.0001933617313625291
frame_5.jpg,0.0001912732986966148
frame_8.jpg,0.00014859797374811023
frame_0.jpg,0.00015547244402114302
frame_1.jpg,0.0001683778245933354
frame_2.jpg,0.0001617176312720403
frame_7.jpg,0.0001445054804207757
frame_6.jpg,0.0002547624462749809
frame_4.jpg,0.00028255756478756666
frame_9.jpg,0.000308509188471362
frame_3.jpg,0.0003364246222190559
frame_5.jpg,0.0002858243533410132
frame_8.jpg,0.00030669072293676436
frame_0.jpg,0.0002934058429673314
frame_1.jpg,0.00027994130505248904
frame_2.jpg,0.0002613816468510777
frame_7.jpg,0.00030649808468297124
frame_0.jpg,0.00019432690169196576
frame_6.jpg,0.00020903508993797004
frame_4.jpg,0.0001713965757517144
frame_9.jpg,0.000209995181648992
frame_3.jpg,0.000150458057760261
frame_5.jpg,0.0002006103313760832
frame_8.jpg,0.0001735166588332504
frame_0.jpg,0.00024273776216432452
frame_1.jpg,0.00022555455507244915
frame_2.jpg,0.00015427863399963826
frame_7.jpg,0.0001981415116460994
frame_10.jpg,0.00027965265326201916
frame_13.jpg,0.00015492207603529096
frame_6.jpg,0.000282867782516405
frame_4.jpg,0.00028982909861952066
frame_9.jpg,0.00015166772936936468
frame_3.jpg,0.0002254612627439201
frame_5.jpg,0.00016467651585116982
frame_8.jpg,0.00015458461712114513
frame_0.jpg,0.00021236672182567418
frame_11.jpg,0.00015906651969999075
frame_1.jpg,0.0003170580603182316
frame_14.jpg,0.00017362425569444895
frame_12.jpg,0.0001521813974250108
frame_2.jpg,0.00027112389216199517
frame_7.jpg,0.0001602937263669446
frame_0.jpg,0.002220023423433304
frame_10.jpg,0.0002341961080674082
frame_6.jpg,0.0008574189268983901
frame_4.jpg,0.00021892062795814127
frame_9.jpg,0.00030637948657386005
frame_3.jpg,0.0005419904482550919
frame_5.jpg,0.018597174435853958
frame_8.jpg,0.00022543847444467247
frame_0.jpg,0.00021683372324332595
frame_11.jpg,0.008251571096479893
frame_1.jpg,0.0022567615378648043
frame_2.jpg,0.2920309603214264
frame_7.jpg,0.00032319361343979836
frame_10.jpg,0.00037303296267054975
frame_6.jpg,0.0001306218618992716
frame_4.jpg,0.00016072425933089107
frame_9.jpg,0.0024743997491896152
frame_3.jpg,0.00015602253552060574
frame_5.jpg,0.00014958316751290113
frame_8.jpg,0.002124561695381999
frame_0.jpg,0.0001294427056564018
frame_11.jpg,0.0005455362843349576
frame_1.jpg,0.00013569134171120822
frame_2.jpg,0.00013513521116692573
frame_7.jpg,0.00014854288019705564
frame_10.jpg,0.0002004030829994008
frame_13.jpg,0.00014927326992619783
frame_6.jpg,0.00015372106281574816
frame_4.jpg,0.00016518666234333068
frame_9.jpg,0.00016726154717616737
frame_3.jpg,0.0002021554537350312
frame_5.jpg,0.00014117491082288325
frame_8.jpg,0.00014072839985601604
frame_0.jpg,0.00020423370006028563
frame_11.jpg,0.00019006106595043093
frame_1.jpg,0.00017951085465028882
frame_14.jpg,0.00019805763440672308
frame_12.jpg,0.00019713709480129182
frame_2.jpg,0.00016309478087350726
frame_7.jpg,0.00015642742800991982
frame_10.jpg,0.00015761997201479971
frame_6.jpg,0.00016943384252954274
frame_4.jpg,0.00015851116040721536
frame_9.jpg,0.00014600074791815132
frame_3.jpg,0.0001623100833967328
frame_5.jpg,0.0001683258160483092
frame_8.jpg,0.00012933807738590986
frame_0.jpg,0.00014885012933518738
frame_1.jpg,0.00017733799177221954
frame_2.jpg,0.0001932423037942499
frame_7.jpg,0.0001308248029090464
frame_10.jpg,0.00021796215150970966
frame_13.jpg,0.00020523944112937897
frame_6.jpg,0.00018862921569962054
frame_4.jpg,0.00019028318638447672
frame_9.jpg,0.0002342789521208033
frame_3.jpg,0.00018592149717733264
frame_5.jpg,0.0002184256591135636
frame_8.jpg,0.00021209272381383926
frame_0.jpg,0.0003081488248426467
frame_11.jpg,0.00018529534281697124
frame_1.jpg,0.0002622920728754252
frame_14.jpg,0.0002529358898755163
frame_12.jpg,0.0002009509044000879
frame_2.jpg,0.0001914355088956654
frame_7.jpg,0.0001998375082621351
frame_0.jpg,0.0001549727749079466
frame_0.jpg,0.00021077209385111928
frame_10.jpg,0.00025279747205786407
frame_13.jpg,0.0002727902610786259
frame_6.jpg,0.00029495544731616974
frame_4.jpg,0.0002417939540464431
frame_9.jpg,0.0002610994561109692
frame_3.jpg,0.00023034325568005443
frame_5.jpg,0.0002767994883470237
frame_8.jpg,0.00040205364348366857
frame_0.jpg,0.00023791233252268285
frame_11.jpg,0.0002047441666945815
frame_1.jpg,0.00026594739756546915
frame_14.jpg,0.0002909570175688714
frame_12.jpg,0.0002499978872947395
frame_2.jpg,0.0002464071149006486
frame_7.jpg,0.0003677411295939237
frame_0.jpg,0.00014463948900811374
frame_0.jpg,0.00021095122792758048
frame_0.jpg,0.010202971287071705
frame_10.jpg,0.00021937738347332925
frame_6.jpg,0.0001809088425943628
frame_4.jpg,0.00022085910313762724
frame_9.jpg,0.00019061024067923427
frame_3.jpg,0.00020205293549224734
frame_5.jpg,0.0001984220725717023
frame_8.jpg,0.00023192953085526824
frame_0.jpg,0.00018813685164786875
frame_11.jpg,0.0003569204418454319
frame_1.jpg,0.00021262506197672337
frame_12.jpg,0.00020593198132701218
frame_2.jpg,0.00017026076966430992
frame_7.jpg,0.00025762003497220576
frame_10.jpg,0.000573720782995224
frame_13.jpg,0.0003912310639861971
frame_6.jpg,0.00022500964405480772
frame_4.jpg,0.00026112559135071933
frame_9.jpg,0.9875790476799011
frame_3.jpg,0.00022988865384832025
frame_5.jpg,0.0002644321648404002
frame_8.jpg,0.5673063397407532
frame_0.jpg,0.00023985738516785204
frame_11.jpg,0.0002330080751562491
frame_1.jpg,0.00021122596808709204
frame_14.jpg,0.00012961291940882802
frame_12.jpg,0.0002832024183589965
frame_2.jpg,0.00026143898139707744
frame_7.jpg,0.00015311177412513644
frame_0.jpg,0.00015219503256957978
frame_0.jpg,0.0002571071672718972
frame_10.jpg,0.0005004815757274628
frame_6.jpg,0.0002987392363138497
frame_4.jpg,0.00041890129796229303
frame_9.jpg,0.0003339241084177047
frame_3.jpg,0.00021390346228145063
frame_5.jpg,0.0004265795578248799
frame_8.jpg,0.00024409174511674792
frame_0.jpg,0.000201834220206365
frame_11.jpg,0.0003072798717767
frame_1.jpg,0.000501151371281594
frame_2.jpg,0.00023096540826372802
frame_7.jpg,0.00039028769242577255
frame_10.jpg,0.0005161074222996831
frame_13.jpg,0.00039555865805596113
frame_6.jpg,0.003956107888370752
frame_4.jpg,0.0002873969206120819
frame_9.jpg,0.00020699422748293728
frame_3.jpg,0.00152603629976511
frame_5.jpg,0.00032014198950491846
frame_8.jpg,0.002012629061937332
frame_0.jpg,0.0029535030480474234
frame_11.jpg,0.000392116722650826
frame_1.jpg,0.0019265477312728763
frame_14.jpg,0.0002283222129335627
frame_12.jpg,0.0001518940698588267
frame_2.jpg,0.00019365102343726903
frame_7.jpg,0.00015302551037166268
frame_10.jpg,0.00012630836863536388
frame_13.jpg,0.00013275022502057254
frame_6.jpg,0.00015912660455796868
frame_4.jpg,0.00016390516248065978
frame_9.jpg,0.00012814679939765483
frame_3.jpg,0.0002301904751220718
frame_5.jpg,0.00017014100740198046
frame_8.jpg,0.0001334001572104171
frame_0.jpg,0.00017772191495168954
frame_11.jpg,0.00017588470655027777
frame_1.jpg,0.00018965720664709806
frame_14.jpg,0.00020157746621407568
frame_12.jpg,0.00013964153185952455
frame_2.jpg,0.00019850043463520706
frame_7.jpg,0.00018210925918538123
frame_10.jpg,0.6653783321380615
frame_13.jpg,0.002918971935287118
frame_6.jpg,0.7757130265235901
frame_4.jpg,0.00018148106755688787
frame_9.jpg,0.004145814571529627
frame_3.jpg,0.0006937201833352447
frame_5.jpg,0.491763710975647
frame_8.jpg,0.00020662587485276163
frame_0.jpg,0.00031825219048187137
frame_11.jpg,0.6038712859153748
frame_1.jpg,0.14913126826286316
frame_14.jpg,0.00020211635273881257
frame_12.jpg,0.000629920104984194
frame_2.jpg,0.0002576452970970422
frame_7.jpg,0.000270034943241626
frame_0.jpg,0.00023172132205218077
frame_0.jpg,0.00032848247792571783
frame_10.jpg,0.0005382569506764412
frame_6.jpg,0.00013708432379644364
frame_4.jpg,0.0003378238179720938
frame_9.jpg,0.05175672844052315
frame_3.jpg,0.000290418800432235
frame_5.jpg,0.0001423695357516408
frame_8.jpg,0.0005466749425977468
frame_0.jpg,0.00013540647341869771
frame_11.jpg,0.02664041332900524
frame_1.jpg,0.00014227669453248382
frame_2.jpg,0.00013946866965852678
frame_7.jpg,0.00015565297508146614
frame_0.jpg,0.0001593583292560652
frame_0.jpg,0.0003883447789121419
frame_0.jpg,0.00022720621200278401
frame_6.jpg,0.0001440869236830622
frame_4.jpg,0.00013911099813412875
frame_9.jpg,0.00014165982429403812
frame_3.jpg,0.0001579920935910195
frame_5.jpg,0.0001355895510641858
frame_8.jpg,0.00012775466893799603
frame_0.jpg,0.0001697213447187096
frame_1.jpg,0.0001489949645474553
frame_2.jpg,0.00014651969831902534
frame_7.jpg,0.00012964344932697713
frame_10.jpg,0.0009364550351165235
frame_13.jpg,0.00047738925786688924
frame_6.jpg,0.00022986673866398633
frame_4.jpg,0.0016608710866421461
frame_9.jpg,0.00018586051010061055
frame_3.jpg,0.00034827954368665814
frame_5.jpg,0.0023565476294606924
frame_8.jpg,0.0004045555251650512
frame_0.jpg,0.001786625711247325
frame_11.jpg,0.0005664760246872902
frame_1.jpg,0.0018222028156742454
frame_14.jpg,0.00015654589515179396
frame_12.jpg,0.00028490746626630425
frame_2.jpg,0.0001812752743717283
frame_7.jpg,0.00015826831804588437
frame_0.jpg,0.00023391937429551035
frame_0.jpg,0.00041127606527879834
frame_10.jpg,0.00019386883650440723
frame_13.jpg,0.0002059751859633252
frame_6.jpg,0.0001800338359316811
frame_4.jpg,0.00019156039343215525
frame_9.jpg,0.00017095639486797154
frame_3.jpg,0.00015195476589724422
frame_5.jpg,0.00016626469732727855
frame_8.jpg,0.00017384688544552773
frame_0.jpg,0.00014834666217211634
frame_11.jpg,0.00021766559802927077
frame_1.jpg,0.00017122048302553594
frame_14.jpg,0.00022892275592312217
frame_12.jpg,0.00018162233754992485
frame_2.jpg,0.0001600405084900558
frame_7.jpg,0.00016981361841317266
frame_10.jpg,0.0001609606115380302
frame_6.jpg,0.0001387031516060233
frame_4.jpg,0.00038544763810932636
frame_9.jpg,0.0018214390147477388
frame_3.jpg,0.00017083645798265934
frame_5.jpg,0.00014409914729185402
frame_8.jpg,0.0003118472232017666
frame_0.jpg,0.00012757939111907035
frame_11.jpg,0.00043983705108985305
frame_1.jpg,0.00015091829118318856
frame_12.jpg,0.00018912517407443374
frame_2.jpg,0.0001283555757254362
frame_7.jpg,0.0001637262903386727
frame_0.jpg,0.00022439668828155845
frame_0.jpg,0.00037855017581023276
frame_6.jpg,0.00027397493249736726
frame_4.jpg,0.00027428308385424316
frame_9.jpg,0.00031105682137422264
frame_3.jpg,0.00025284034200012684
frame_5.jpg,0.0002792061131913215
frame_8.jpg,0.0002876378712244332
frame_0.jpg,0.000268984236754477
frame_1.jpg,0.0002725040540099144
frame_2.jpg,0.0002515916421543807
frame_7.jpg,0.00026063903351314366
frame_0.jpg,0.00016081731882877648
frame_0.jpg,0.00026960918330587447
frame_10.jpg,0.00023826236429158598
frame_6.jpg,0.0005156763945706189
frame_4.jpg,0.08381427079439163
frame_9.jpg,0.0031683368142694235
frame_3.jpg,0.00023937215155456215
frame_5.jpg,0.04797307029366493
frame_8.jpg,0.00034472663537599146
frame_0.jpg,0.0015075476840138435
frame_11.jpg,0.002330426126718521
frame_1.jpg,0.0075788190588355064
frame_12.jpg,0.04191938787698746
frame_2.jpg,0.0031943912617862225
frame_7.jpg,0.0024317337665706873
frame_3.jpg,0.0010745917679741979
frame_0.jpg,0.0002265667571919039
frame_1.jpg,0.00039652775740250945
frame_2.jpg,0.00033849102328531444
frame_6.jpg,0.00029838515911251307
frame_4.jpg,0.0002919746038969606
frame_9.jpg,0.00030259988852776587
frame_3.jpg,0.0003020677831955254
frame_5.jpg,0.00030493640224449337
frame_8.jpg,0.00028936302987858653
frame_0.jpg,0.0002811518788803369
frame_1.jpg,0.00029011385049670935
frame_2.jpg,0.00032006597029976547
frame_7.jpg,0.00024448070325888693
frame_10.jpg,0.0002053700154647231
frame_13.jpg,0.00022687975433655083
frame_6.jpg,0.0002140932047041133
frame_4.jpg,0.00021035669487901032
frame_9.jpg,0.0002382566744927317
frame_3.jpg,0.000199812013306655
frame_5.jpg,0.0001776746503310278
frame_8.jpg,0.00017377629410475492
frame_0.jpg,0.00014440229278989136
frame_11.jpg,0.00018621636263560504
frame_1.jpg,0.00013562575622927397
frame_14.jpg,0.00020454905461519957
frame_12.jpg,0.00017056902288459241
frame_2.jpg,0.00022907339734956622
frame_7.jpg,0.00017842059605754912
frame_0.jpg,0.0004739970900118351
frame_10.jpg,0.00028069279505871236
frame_13.jpg,0.0002740621566772461
frame_6.jpg,0.00020511461480055004
frame_4.jpg,0.000195298736798577
frame_9.jpg,0.00026018673088401556
frame_3.jpg,0.00022703123977407813
frame_5.jpg,0.000228491859161295
frame_8.jpg,0.000207194869290106
frame_0.jpg,0.00021586603543255478
frame_11.jpg,0.0002418861840851605
frame_1.jpg,0.00020472638425417244
frame_14.jpg,0.0002547573240008205
frame_12.jpg,0.0002364144747843966
frame_2.jpg,0.00022681619157083333
frame_7.jpg,0.0001921298389788717
frame_10.jpg,0.0002036051155300811
frame_6.jpg,0.00020004704128950834
frame_4.jpg,0.00024117989232763648
frame_9.jpg,0.00020000908989459276
frame_3.jpg,0.000359416997525841
frame_5.jpg,0.00043101576738990843
frame_8.jpg,0.00013933482114225626
frame_0.jpg,0.0001559210941195488
frame_11.jpg,0.00016215507639572024
frame_1.jpg,0.00016705162124708295
frame_12.jpg,0.00016083434456959367
frame_2.jpg,0.00016058317851275206
frame_7.jpg,0.0001439899642718956
frame_10.jpg,0.00013245812442619354
frame_6.jpg,0.00012869699276052415
frame_4.jpg,0.00013286899775266647
frame_9.jpg,0.00013373870751820505
frame_3.jpg,0.00013359492004383355
frame_5.jpg,0.00014373754675034434
frame_8.jpg,0.00013302061415743083
frame_0.jpg,0.00013411082909442484
frame_11.jpg,0.00013642030535265803
frame_1.jpg,0.0001284110185224563
frame_12.jpg,0.00015752877516206354
frame_2.jpg,0.0001302385499002412
frame_7.jpg,0.00013882371422369033
frame_0.jpg,0.0008080539992079139
frame_0.jpg,0.0002279959007864818
frame_6.jpg,0.0001986844727071002
frame_4.jpg,0.00022478685423266143
frame_3.jpg,0.0001987814757740125
frame_5.jpg,0.0001909312850330025
frame_8.jpg,0.0001978868240257725
frame_0.jpg,0.00023787442478351295
frame_1.jpg,0.00022414221893996
frame_2.jpg,0.00027792018954642117
frame_7.jpg,0.00021373976778704673
frame_10.jpg,0.0001547669235151261
frame_6.jpg,0.0002031058247666806
frame_4.jpg,0.00018183111387770623
frame_9.jpg,0.00016468687681481242
frame_3.jpg,0.00015832023927941918
frame_5.jpg,0.00021029936033301055
frame_8.jpg,0.00018523457401897758
frame_0.jpg,0.00017317519814241678
frame_11.jpg,0.00015958366566337645
frame_1.jpg,0.00018929965153802186
frame_12.jpg,0.00017722017946653068
frame_2.jpg,0.00015903651365078986
frame_7.jpg,0.0002414776390651241
frame_6.jpg,0.0003079916932620108
frame_4.jpg,0.0003040701267309487
frame_5.jpg,0.0003921932075172663
frame_2.jpg,0.00039704787195660174
frame_7.jpg,0.0001694422389846295
frame_6.jpg,0.00032090742024593055
frame_4.jpg,0.00020358531037345529
frame_3.jpg,0.00020249422232154757
frame_5.jpg,0.00020816433243453503
frame_8.jpg,0.0008438760996796191
frame_0.jpg,0.00022425680072046816
frame_1.jpg,0.0002458150847814977
frame_2.jpg,0.00022281261044554412
frame_7.jpg,0.00041272645466960967
frame_6.jpg,0.00021437183022499084
frame_5.jpg,0.00017016890342347324
frame_1.jpg,0.0002873475896194577
frame_2.jpg,0.00035547028528526425
frame_7.jpg,0.00014199981524143368
frame_10.jpg,0.0001929020945681259
frame_13.jpg,0.00024815270444378257
frame_6.jpg,0.00017779700283426791
frame_4.jpg,0.00019432874978519976
frame_9.jpg,0.00018907507183030248
frame_3.jpg,0.0001691963552730158
frame_5.jpg,0.0001657638349570334
frame_8.jpg,0.00017138170369435102
frame_0.jpg,0.00016826660430524498
frame_11.jpg,0.00021195487352088094
frame_1.jpg,0.00017834900063462555
frame_14.jpg,0.00019388049258850515
frame_12.jpg,0.00021535537962336093
frame_2.jpg,0.00024357863003388047
frame_7.jpg,0.00018433528020977974
frame_10.jpg,0.0004692501970566809
frame_13.jpg,0.0001724429166642949
frame_6.jpg,0.00023103764397092164
frame_4.jpg,0.0002914367360062897
frame_9.jpg,0.0021764205303043127
frame_3.jpg,0.00020732330449391156
frame_5.jpg,0.00023857969790697098
frame_8.jpg,0.00044596896623261273
frame_0.jpg,0.00018803875718731433
frame_11.jpg,0.0003609141567721963
frame_1.jpg,0.00021272359299473464
frame_14.jpg,0.00024328040308319032
frame_12.jpg,0.000656985561363399
frame_2.jpg,0.00021072888921480626
frame_7.jpg,0.00024041974393185228
frame_10.jpg,0.005314836744219065
frame_13.jpg,0.006144477985799313
frame_6.jpg,0.000530637742485851
frame_4.jpg,0.001421585795469582
frame_9.jpg,0.05302723869681358
frame_3.jpg,0.013098283670842648
frame_5.jpg,0.005662163253873587
frame_8.jpg,0.016041239723563194
frame_0.jpg,0.0004035442543681711
frame_11.jpg,0.05396284908056259
frame_1.jpg,0.0003168864641338587
frame_14.jpg,0.0013022200437262654
frame_12.jpg,0.0012618724722415209
frame_2.jpg,0.003743115346878767
frame_0.jpg,0.00015564852219540626
frame_10.jpg,0.00020103828865103424
frame_6.jpg,0.00019462376076262444
frame_4.jpg,0.00019588955910876393
frame_9.jpg,0.00021104497136548162
frame_3.jpg,0.00018988265946973115
frame_5.jpg,0.00016192886687349528
frame_8.jpg,0.00017525444854982197
frame_0.jpg,0.000157166738063097
frame_1.jpg,0.00017054479394573718
frame_2.jpg,0.00022634091146755964
frame_7.jpg,0.00024167272204067558
frame_0.jpg,0.0011246860958635807
frame_0.jpg,0.00013684375153388828
frame_0.jpg,0.00021467353508342057
frame_0.jpg,0.000138567658723332
frame_0.jpg,0.0012345397844910622
frame_10.jpg,0.005450177006423473
frame_13.jpg,0.0067973933182656765
frame_6.jpg,0.0006313903140835464
frame_4.jpg,0.0004028581315651536
frame_9.jpg,0.00018511239613872021
frame_3.jpg,0.005814498756080866
frame_5.jpg,0.00023794542357791215
frame_8.jpg,0.00023280023015104234
frame_0.jpg,0.0025757858529686928
frame_11.jpg,0.005872955545783043
frame_1.jpg,0.0055363960564136505
frame_14.jpg,0.004036240745335817
frame_12.jpg,0.00042651777039282024
frame_2.jpg,0.019604185596108437
frame_7.jpg,0.0004527331911958754
frame_10.jpg,0.000327426940202713
frame_13.jpg,0.0002443464763928205
frame_6.jpg,0.0002553506928961724
frame_4.jpg,0.00038052917807362974
frame_9.jpg,0.00028284001746214926
frame_3.jpg,0.0005831978633068502
frame_5.jpg,0.000274906400591135
frame_8.jpg,0.0002585175971034914
frame_0.jpg,0.00019230047473683953
frame_11.jpg,0.00029358940082602203
frame_1.jpg,0.0002734931476879865
frame_14.jpg,0.00021627703972626477
frame_12.jpg,0.0003147051902487874
frame_2.jpg,0.0011204835027456284
frame_7.jpg,0.0002068316680379212
frame_0.jpg,0.00014119374100118876
frame_10.jpg,0.03202904760837555
frame_6.jpg,0.012670924887061119
frame_4.jpg,0.0897112786769867
frame_9.jpg,0.03420474752783775
frame_3.jpg,0.12356652319431305
frame_5.jpg,0.0008750961860641837
frame_8.jpg,0.3532472550868988
frame_0.jpg,0.019466886296868324
frame_11.jpg,0.005182883236557245
frame_1.jpg,0.009382856078445911
frame_2.jpg,0.01199394091963768
frame_7.jpg,0.0218660868704319
frame_0.jpg,0.024446789175271988
frame_0.jpg,0.00034284472349099815
frame_10.jpg,0.00020356591267045587
frame_13.jpg,0.0001987746509257704
frame_6.jpg,0.00019637597142718732
frame_4.jpg,0.00018983468180522323
frame_9.jpg,0.0002750537823885679
frame_3.jpg,0.00018495960102882236
frame_5.jpg,0.00017395830946043134
frame_8.jpg,0.00019148769206367433
frame_0.jpg,0.00018927131895907223
frame_11.jpg,0.0001990276505239308
frame_1.jpg,0.0001807824446586892
frame_14.jpg,0.00018984499911312014
frame_12.jpg,0.0001924758544191718
frame_2.jpg,0.00017713352281134576
frame_7.jpg,0.00019698376127053052
frame_10.jpg,0.00017832264711614698
frame_13.jpg,0.00022958814224693924
frame_6.jpg,0.00022263934079091996
frame_4.jpg,0.00021439000556711107
frame_9.jpg,0.00022291377536021173
frame_3.jpg,0.0001989160809898749
frame_5.jpg,0.00021198921604081988
frame_8.jpg,0.00020760815823450685
frame_0.jpg,0.00014808890409767628
frame_11.jpg,0.0002406086859991774
frame_1.jpg,0.00019259772670920938
frame_14.jpg,0.00021108060900587589
frame_12.jpg,0.00020326257799752057
frame_2.jpg,0.00019229644385632128
frame_7.jpg,0.00018003315199166536
frame_10.jpg,0.00014004037075210363
frame_13.jpg,0.00018023050506599247
frame_6.jpg,0.00017473017214797437
frame_4.jpg,0.0001895991590572521
frame_9.jpg,0.00016638523084111512
frame_3.jpg,0.00021129987726453692
frame_5.jpg,0.00018203217769041657
frame_8.jpg,0.00017177009431179613
frame_0.jpg,0.0001431398413842544
frame_11.jpg,0.00016714866796974093
frame_1.jpg,0.000140045172884129
frame_14.jpg,0.0001857289025792852
frame_12.jpg,0.00020916729408781976
frame_2.jpg,0.00022560554498340935
frame_7.jpg,0.00016969803255051374
frame_0.jpg,0.00019565921684261411
frame_0.jpg,0.00016281820717267692
frame_10.jpg,0.021715015172958374
frame_13.jpg,0.007697278168052435
frame_6.jpg,0.0002660746977198869
frame_4.jpg,0.00016236116061918437
frame_9.jpg,0.2080220729112625
frame_3.jpg,0.6391988396644592
frame_5.jpg,0.02835211716592312
frame_8.jpg,0.00031131639843806624
frame_0.jpg,0.002749806037172675
frame_11.jpg,0.19453345239162445
frame_1.jpg,0.11678928881883621
frame_14.jpg,0.14864712953567505
frame_12.jpg,0.18724501132965088
frame_2.jpg,0.0030733062885701656
frame_7.jpg,0.32451391220092773
frame_0.jpg,0.00013687025057151914
frame_0.jpg,0.0002167766506318003
frame_10.jpg,0.00018493614334147424
frame_13.jpg,0.00021026867034379393
frame_6.jpg,0.00023080491519067436
frame_4.jpg,0.00018160951731260866
frame_9.jpg,0.0001896401954581961
frame_3.jpg,0.00020900918752886355
frame_5.jpg,0.00024971156381070614
frame_8.jpg,0.00019398736185394228
frame_0.jpg,0.00017680109885986894
frame_11.jpg,0.00021877873223274946
frame_1.jpg,0.0003368445613887161
frame_14.jpg,0.0001962309324881062
frame_12.jpg,0.00016520383360330015
frame_2.jpg,0.0001846234081313014
frame_7.jpg,0.0002106300526065752
frame_10.jpg,0.00019671647169161588
frame_13.jpg,0.00017751769337337464
frame_6.jpg,0.00018738550716079772
frame_4.jpg,0.0001934284664457664
frame_9.jpg,0.00018860027194023132
frame_3.jpg,0.00017746147932484746
frame_5.jpg,0.0002602596359793097
frame_8.jpg,0.00019285280723124743
frame_0.jpg,0.0001927327539306134
frame_11.jpg,0.0002058515092357993
frame_1.jpg,0.0001697854168014601
frame_14.jpg,0.00017906450375448912
frame_12.jpg,0.00019244775467086583
frame_2.jpg,0.00015800082474015653
frame_7.jpg,0.00017916064825840294
frame_6.jpg,0.00014945086149964482
frame_4.jpg,0.00014885664859320968
frame_9.jpg,0.00014398062194231898
frame_3.jpg,0.0001486848632339388
frame_5.jpg,0.00046031406964175403
frame_8.jpg,0.00021339785598684102
frame_0.jpg,0.00018183476640842855
frame_1.jpg,0.00014757760800421238
frame_2.jpg,0.00021219754125922918
frame_7.jpg,0.00013949236017651856
frame_0.jpg,0.00018939081928692758
frame_6.jpg,0.036588750779628754
frame_4.jpg,0.21372665464878082
frame_3.jpg,0.13284584879875183
frame_5.jpg,0.26066169142723083
frame_0.jpg,0.1830786168575287
frame_1.jpg,0.7381993532180786
frame_2.jpg,0.3147335350513458
frame_7.jpg,0.07936416566371918
frame_0.jpg,0.000170438303030096
frame_0.jpg,0.00021467742044478655
frame_0.jpg,0.00016357042477466166
frame_0.jpg,0.00020425455295480788
frame_0.jpg,0.0002745109668467194
frame_0.jpg,0.00014526267477776855
frame_6.jpg,0.00013089967251289636
frame_4.jpg,0.0001403375354129821
frame_9.jpg,0.0001542803947813809
frame_3.jpg,0.0001434516452718526
frame_5.jpg,0.0004024495428893715
frame_8.jpg,0.00018534445553086698
frame_0.jpg,0.00013323783059604466
frame_1.jpg,0.00016538368072360754
frame_2.jpg,0.00020132274948991835
frame_7.jpg,0.00015467838966287673
frame_0.jpg,0.00012368070019874722
frame_0.jpg,0.0001344037300441414
frame_0.jpg,0.00014213743270374835
frame_10.jpg,0.9440730214118958
frame_23.jpg,0.6892788410186768
frame_13.jpg,0.7304620146751404
frame_18.jpg,0.04176832363009453
frame_6.jpg,0.8475610017776489
frame_25.jpg,0.10892605781555176
frame_24.jpg,0.05280035361647606
frame_4.jpg,0.8785203695297241
frame_15.jpg,0.38531774282455444
frame_19.jpg,0.03812941908836365
frame_9.jpg,0.9463655352592468
frame_3.jpg,0.9328235387802124
frame_21.jpg,0.3823738098144531
frame_5.jpg,0.9235717058181763
frame_8.jpg,0.9711542725563049
frame_0.jpg,0.8862237930297852
frame_11.jpg,0.9348124861717224
frame_16.jpg,0.14406688511371613
frame_22.jpg,0.3658999502658844
frame_1.jpg,0.9454626441001892
frame_14.jpg,0.5511183738708496
frame_12.jpg,0.8817982077598572
frame_2.jpg,0.9380351305007935
frame_20.jpg,0.8932282328605652
frame_17.jpg,0.12439879775047302
frame_7.jpg,0.9600564241409302
frame_0.jpg,0.0001796248834580183
frame_0.jpg,0.0001802401093300432
frame_10.jpg,0.0001885375240817666
frame_6.jpg,0.00024300545919686556
frame_4.jpg,0.0001919300848385319
frame_9.jpg,0.00017555934027768672
frame_3.jpg,0.00016030627011787146
frame_5.jpg,0.00019789116049651057
frame_8.jpg,0.0006494310800917447
frame_0.jpg,0.0001402102061547339
frame_11.jpg,0.00019338198762852699
frame_1.jpg,0.00018128078954759985
frame_12.jpg,0.00022310558415483683
frame_2.jpg,0.00014173505769576877
frame_7.jpg,0.0001441014901502058
frame_0.jpg,0.0002646621724124998
frame_6.jpg,0.00025119780912064016
frame_4.jpg,0.000253936683293432
frame_9.jpg,0.0002436481008771807
frame_3.jpg,0.0002502051356714219
frame_5.jpg,0.00023934066121000797
frame_8.jpg,0.0002631143433973193
frame_0.jpg,0.0001936846529133618
frame_1.jpg,0.00026256556157022715
frame_2.jpg,0.00022897864982951432
frame_7.jpg,0.00021795798966195434
frame_0.jpg,0.00021747681603301316
frame_10.jpg,0.0002241225738544017
frame_6.jpg,0.0001389745739288628
frame_4.jpg,0.0002107781037921086
frame_9.jpg,0.0003178934275638312
frame_3.jpg,0.00022530482965521514
frame_5.jpg,0.00015366346633527428
frame_8.jpg,0.00035961062530986965
frame_0.jpg,0.00012991558469366282
frame_11.jpg,0.0003030583611689508
frame_1.jpg,0.00018259731587022543
frame_2.jpg,0.0001587786100571975
frame_7.jpg,0.00017024908447638154
frame_10.jpg,0.00026023777900263667
frame_6.jpg,0.03389273211359978
frame_4.jpg,0.000511341670062393
frame_9.jpg,0.0004747191851492971
frame_3.jpg,0.0005301589262671769
frame_5.jpg,0.0002462394186295569
frame_8.jpg,0.0002327376278117299
frame_0.jpg,0.0001445695525035262
frame_11.jpg,0.0026909001171588898
frame_1.jpg,0.00014227465726435184
frame_12.jpg,0.023833859711885452
frame_2.jpg,0.0002750151907093823
frame_7.jpg,0.01548779010772705
frame_6.jpg,0.00031160737853497267
frame_4.jpg,0.0001821347832446918
frame_3.jpg,0.00018093094695359468
frame_5.jpg,0.00028305151499807835
frame_0.jpg,0.0001731702359393239
frame_1.jpg,0.00024077460693661124
frame_2.jpg,0.0002809536235872656
frame_7.jpg,0.0001663208386162296
frame_0.jpg,0.00024277943884953856
frame_10.jpg,0.00014318338071461767
frame_6.jpg,0.00012979545863345265
frame_4.jpg,0.00015809532487764955
frame_9.jpg,0.00013516291801352054
frame_3.jpg,0.0001462821091990918
frame_5.jpg,0.00014539030962623656
frame_8.jpg,0.00015214079758152366
frame_0.jpg,0.00016854761634021997
frame_11.jpg,0.00014540058327838778
frame_1.jpg,0.0005035049398429692
frame_12.jpg,0.0001381767215207219
frame_2.jpg,0.0001386576914228499
frame_7.jpg,0.00012835544475819916
frame_6.jpg,0.3176715672016144
frame_4.jpg,0.9355261921882629
frame_9.jpg,0.0044584316201508045
frame_3.jpg,0.9420249462127686
frame_5.jpg,0.9388135671615601
frame_8.jpg,0.4499758780002594
frame_0.jpg,0.0007503704982809722
frame_7.jpg,0.29284441471099854
frame_10.jpg,0.0002897903905250132
frame_13.jpg,0.0002075238444376737
frame_6.jpg,0.00026836511096917093
frame_4.jpg,0.0002007584407692775
frame_9.jpg,0.00018110113160219043
frame_3.jpg,0.00024946124176494777
frame_5.jpg,0.0003046516212634742
frame_8.jpg,0.0002551793586462736
frame_0.jpg,0.000300851184874773
frame_11.jpg,0.00041537178913131356
frame_1.jpg,0.000271001597866416
frame_14.jpg,0.00018011368229053915
frame_12.jpg,0.0002534442173782736
frame_2.jpg,0.00046264613047242165
frame_7.jpg,0.0002473444037605077
frame_0.jpg,0.00019839481683447957
frame_10.jpg,0.8818648457527161
frame_23.jpg,0.2544548213481903
frame_13.jpg,0.3165120780467987
frame_18.jpg,0.007796374149620533
frame_6.jpg,0.23303024470806122
frame_25.jpg,0.5613645911216736
frame_24.jpg,0.3733261525630951
frame_4.jpg,0.6615830063819885
frame_15.jpg,0.06751702725887299
frame_19.jpg,0.043938249349594116
frame_9.jpg,0.7461548447608948
frame_3.jpg,0.7846284508705139
frame_21.jpg,0.20028293132781982
frame_5.jpg,0.7405547499656677
frame_8.jpg,0.34456610679626465
frame_0.jpg,0.8152298927307129
frame_11.jpg,0.8379079103469849
frame_16.jpg,0.022686410695314407
frame_22.jpg,0.012894191779196262
frame_1.jpg,0.7488094568252563
frame_14.jpg,0.4665507376194
frame_12.jpg,0.6903071403503418
frame_2.jpg,0.7171183824539185
frame_20.jpg,0.7798978686332703
frame_17.jpg,0.010512356646358967
frame_7.jpg,0.8577788472175598
frame_10.jpg,0.0002103847946273163
frame_13.jpg,0.00019773423264268786
frame_6.jpg,0.0001804326893761754
frame_4.jpg,0.00016480124031659216
frame_9.jpg,0.00017857072816696018
frame_3.jpg,0.0001974613987840712
frame_5.jpg,0.00017638788267504424
frame_8.jpg,0.00022566516418009996
frame_0.jpg,0.00022134059690870345
frame_11.jpg,0.00020375348685774952
frame_1.jpg,0.00017556519014760852
frame_14.jpg,0.00017138448311015964
frame_12.jpg,0.00020962429698556662
frame_2.jpg,0.00019061696366406977
frame_7.jpg,0.0001929300487972796
frame_0.jpg,0.0001965709961950779
frame_6.jpg,0.0002449445310048759
frame_4.jpg,0.00021013658260926604
frame_9.jpg,0.0002573828387539834
frame_3.jpg,0.0005477253580465913
frame_5.jpg,0.00033505132887512445
frame_8.jpg,0.00031170036527328193
frame_0.jpg,0.0002979104465339333
frame_1.jpg,0.0004808597732335329
frame_2.jpg,0.00039646500954404473
frame_7.jpg,0.00028425222262740135
frame_0.jpg,0.00027436335221864283
frame_0.jpg,0.004881035536527634
frame_10.jpg,0.00018884913879446685
frame_13.jpg,0.00038499190122820437
frame_6.jpg,0.00015459375572390854
frame_4.jpg,0.00030800545937381685
frame_9.jpg,0.00014609572826884687
frame_3.jpg,0.00016727190813980997
frame_5.jpg,0.0001479570782976225
frame_8.jpg,0.00015986025391612202
frame_0.jpg,0.00013736735854763538
frame_11.jpg,0.0002530632191337645
frame_1.jpg,0.0002234163403045386
frame_14.jpg,0.00014942590496502817
frame_12.jpg,0.0001772511168383062
frame_2.jpg,0.0002358685014769435
frame_7.jpg,0.00017587195907253772
frame_0.jpg,0.00039479011320509017
frame_0.jpg,0.000198073495994322
frame_0.jpg,0.00015247480769176036
frame_6.jpg,0.00019116225303150713
frame_4.jpg,0.00016124217654578388
frame_3.jpg,0.0001712379598757252
frame_5.jpg,0.00016112705634441227
frame_0.jpg,0.00017032962932717055
frame_1.jpg,0.00016963689995463938
frame_2.jpg,0.00021583125635515898
frame_7.jpg,0.0002404928527539596
frame_0.jpg,0.2890447676181793
frame_10.jpg,0.43401533365249634
frame_6.jpg,0.16291065514087677
frame_4.jpg,0.3915935754776001
frame_9.jpg,0.6340283155441284
frame_3.jpg,0.5155031085014343
frame_5.jpg,0.17251069843769073
frame_8.jpg,0.187047079205513
frame_0.jpg,0.4385198950767517
frame_11.jpg,0.6122463345527649
frame_1.jpg,0.3307245969772339
frame_2.jpg,0.41023051738739014
frame_7.jpg,0.22887471318244934
frame_0.jpg,0.00019337427511345595
frame_0.jpg,0.00019615721248555928
frame_0.jpg,0.14380554854869843
frame_0.jpg,0.00013073724403511733
frame_0.jpg,0.00027023148140870035
frame_10.jpg,0.00021226165699772537
frame_6.jpg,0.00020152229990344495
frame_4.jpg,0.0002842628164216876
frame_9.jpg,0.00018241998623125255
frame_3.jpg,0.00019711039203684777
frame_5.jpg,0.00019387125212233514
frame_8.jpg,0.00022631327738054097
frame_0.jpg,0.00019896408775821328
frame_11.jpg,0.0002065675798803568
frame_1.jpg,0.00019700179109349847
frame_12.jpg,0.00021141536126378924
frame_2.jpg,0.00019801329472102225
frame_7.jpg,0.00022565957624465227
frame_10.jpg,0.00019361244630999863
frame_13.jpg,0.00026410463033244014
frame_6.jpg,0.00034717982634902
frame_4.jpg,0.00031840300653129816
frame_9.jpg,0.0003593945293687284
frame_3.jpg,0.00031950377160683274
frame_5.jpg,0.00029143894789740443
frame_8.jpg,0.00022510855342261493
frame_0.jpg,0.0001730205403873697
frame_11.jpg,0.00026291175163351
frame_1.jpg,0.0001557133800815791
frame_14.jpg,0.00019341555889695883
frame_12.jpg,0.00023820690694265068
frame_2.jpg,0.00024280257639475167
frame_7.jpg,0.0002374527248321101
frame_0.jpg,0.00013726089673582464
frame_10.jpg,0.00016722183499950916
frame_13.jpg,0.00022157879720907658
frame_6.jpg,0.00020679341105278581
frame_4.jpg,0.00019089633133262396
frame_9.jpg,0.0001908000704133883
frame_3.jpg,0.00022620627714786679
frame_5.jpg,0.00017508857126813382
frame_8.jpg,0.000200163820409216
frame_0.jpg,0.00015027365589048713
frame_11.jpg,0.00018697981431614608
frame_1.jpg,0.00018114980775862932
frame_14.jpg,0.00017217101412825286
frame_12.jpg,0.00017113333160523325
frame_2.jpg,0.0001986837014555931
frame_7.jpg,0.00015133617853280157
frame_6.jpg,0.00015558635641355067
frame_4.jpg,0.0001382790069328621
frame_9.jpg,0.0001359196612611413
frame_3.jpg,0.00015448530029971153
frame_5.jpg,0.00015208202239591628
frame_8.jpg,0.00015335489297285676
frame_0.jpg,0.00017294548160862178
frame_1.jpg,0.0001389104436384514
frame_2.jpg,0.0001444043591618538
frame_7.jpg,0.0001532823807792738
frame_10.jpg,0.0006034154212102294
frame_13.jpg,0.00040737559902481735
frame_6.jpg,0.0004128775908611715
frame_4.jpg,0.00037775872624479234
frame_15.jpg,0.0004236912354826927
frame_9.jpg,0.0007506305119022727
frame_3.jpg,0.0004230859922245145
frame_5.jpg,0.00047120649833232164
frame_8.jpg,0.0006648399867117405
frame_0.jpg,0.000475970417028293
frame_11.jpg,0.000680253142490983
frame_16.jpg,0.0003588359977584332
frame_1.jpg,0.0004443022480700165
frame_14.jpg,0.0004988486180081964
frame_12.jpg,0.00044392584823071957
frame_2.jpg,0.000539067666977644
frame_17.jpg,0.00038782201590947807
frame_7.jpg,0.00044768210500478745
frame_10.jpg,0.00020328621030785143
frame_6.jpg,0.0001689290947979316
frame_4.jpg,0.0002776797045953572
frame_9.jpg,0.0001772805117070675
frame_3.jpg,0.0003164384397678077
frame_5.jpg,0.0002210261591244489
frame_8.jpg,0.00029403649386949837
frame_0.jpg,0.0021907715126872063
frame_11.jpg,0.00016821399913169444
frame_1.jpg,0.00076604716014117
frame_2.jpg,0.00020271752146072686
frame_7.jpg,0.00025531856226734817
frame_6.jpg,0.00020469185255933553
frame_4.jpg,0.00015049621288198978
frame_3.jpg,0.000196313631022349
frame_5.jpg,0.00020702186156995595
frame_0.jpg,0.00019162909302394837
frame_1.jpg,0.00015086904750205576
frame_2.jpg,0.00014686981739941984
frame_7.jpg,0.0001806093059713021
frame_0.jpg,0.00029075011843815446
frame_10.jpg,0.0011275477008894086
frame_6.jpg,0.000190709310118109
frame_4.jpg,0.0003674809413496405
frame_9.jpg,0.0001500110956840217
frame_3.jpg,0.00019308850460220128
frame_5.jpg,0.00017364246014039963
frame_8.jpg,0.000141827404149808
frame_0.jpg,0.00016108066483866423
frame_11.jpg,0.00020857063645962626
frame_1.jpg,0.00014625156472902745
frame_2.jpg,0.0001838531024986878
frame_7.jpg,0.00020716679864563048
frame_0.jpg,0.0002686577499844134
frame_13.jpg,0.5152297019958496
frame_4.jpg,0.3256285488605499
frame_9.jpg,0.32715344429016113
frame_3.jpg,0.19773267209529877
frame_8.jpg,0.5840800404548645
frame_14.jpg,0.00014816700422670692
frame_10.jpg,0.0002862516848836094
frame_13.jpg,0.0002726979728322476
frame_6.jpg,0.00040059007005766034
frame_4.jpg,0.00018355200882069767
frame_9.jpg,0.00027500130818225443
frame_3.jpg,0.00017624095198698342
frame_5.jpg,0.00020003941608592868
frame_8.jpg,0.00026330360560677946
frame_0.jpg,0.00018763348634820431
frame_11.jpg,0.0002524646115489304
frame_1.jpg,0.0016755580436438322
frame_14.jpg,0.0002871080068871379
frame_12.jpg,0.00020120936096645892
frame_2.jpg,0.00017171376384794712
frame_7.jpg,0.00037700985558331013
frame_0.jpg,0.00014581502182409167
frame_0.jpg,0.0001609630708117038
frame_10.jpg,0.0003709139418788254
frame_6.jpg,0.00030012783827260137
frame_4.jpg,0.00030028322362340987
frame_9.jpg,0.0005323160439729691
frame_3.jpg,0.00040835110121406615
frame_5.jpg,0.00037643994437530637
frame_8.jpg,0.0002989107742905617
frame_0.jpg,0.00018372360500507057
frame_11.jpg,0.0004707633925136179
frame_1.jpg,0.0002083132421830669
frame_2.jpg,0.0008637669961899519
frame_7.jpg,0.00024855026276782155
frame_0.jpg,0.00017249818483833224
frame_0.jpg,0.00016000191681087017
frame_10.jpg,0.00022527023975271732
frame_13.jpg,0.00024167803348973393
frame_6.jpg,0.00017553121142555028
frame_4.jpg,0.00018157143495045602
frame_9.jpg,0.00022674223873764277
frame_3.jpg,0.00018669228302314878
frame_5.jpg,0.0001774870470399037
frame_8.jpg,0.00019894303113687783
frame_0.jpg,0.00017246331844944507
frame_11.jpg,0.00024012327776290476
frame_1.jpg,0.0002034289063885808
frame_14.jpg,0.00023803257499821484
frame_12.jpg,0.0002097674587275833
frame_2.jpg,0.00022726081078872085
frame_7.jpg,0.000227372205699794
frame_0.jpg,0.0003087728691753
frame_0.jpg,0.00016879368922673166
frame_0.jpg,0.0001428553950972855
frame_0.jpg,0.0001788021036190912
frame_0.jpg,0.0001959534565685317
frame_0.jpg,0.00021957202989142388
frame_6.jpg,0.0002380643127253279
frame_4.jpg,0.000309214141452685
frame_3.jpg,0.0003183192457072437
frame_5.jpg,0.00030841922853142023
frame_0.jpg,0.00022165381233207881
frame_1.jpg,0.00017589812341611832
frame_2.jpg,0.00017374363960698247
frame_7.jpg,0.00027213749126531184
frame_10.jpg,0.00014128023758530617
frame_6.jpg,0.00014843640383332968
frame_4.jpg,0.00014327708049677312
frame_9.jpg,0.00015323037223424762
frame_3.jpg,0.00013783668691758066
frame_5.jpg,0.00014775925956200808
frame_8.jpg,0.00015101559984032065
frame_0.jpg,0.0004557751235552132
frame_11.jpg,0.0001530755835119635
frame_1.jpg,0.00015196592721622437
frame_2.jpg,0.000138350878842175
frame_7.jpg,0.00013752579980064183
frame_10.jpg,0.0001935201435117051
frame_6.jpg,0.00020859290088992566
frame_4.jpg,0.0001866961974883452
frame_9.jpg,0.0002416033821646124
frame_3.jpg,0.0001855860318755731
frame_5.jpg,0.00023272742691915482
frame_8.jpg,0.00039450902841053903
frame_0.jpg,0.0001655270898481831
frame_11.jpg,0.00022663241543341428
frame_1.jpg,0.00019225207506678998
frame_2.jpg,0.00019217014778405428
frame_7.jpg,0.00021123483020346612
frame_6.jpg,0.0001858722243923694
frame_4.jpg,0.00018075677508022636
frame_9.jpg,0.00013603335537482053
frame_3.jpg,0.00020394862804096192
frame_5.jpg,0.00019797949062194675
frame_8.jpg,0.00016152177704498172
frame_0.jpg,0.0001613084605196491
frame_1.jpg,0.00013907623360864818
frame_2.jpg,0.00015709885337855667
frame_7.jpg,0.00020964907889720052
frame_0.jpg,0.00016410469834227115
frame_0.jpg,0.00014328854740597308
frame_6.jpg,0.00024429988116025925
frame_4.jpg,0.00021108382497914135
frame_9.jpg,0.000258654443314299
frame_3.jpg,0.000200293812667951
frame_5.jpg,0.00019308831542730331
frame_8.jpg,0.0002992198569700122
frame_0.jpg,0.00021566872601397336
frame_1.jpg,0.0002213359548477456
frame_2.jpg,0.00021549567463807762
frame_7.jpg,0.00019463711942080408
frame_6.jpg,0.00024594846763648093
frame_4.jpg,0.00022394997358787805
frame_3.jpg,0.00015657932090107352
frame_5.jpg,0.0002825769770424813
frame_0.jpg,0.00019142238306812942
frame_1.jpg,0.0001652856299187988
frame_2.jpg,0.00016804436745587736
frame_0.jpg,0.0001612351043149829
frame_0.jpg,0.00021372467745095491
frame_10.jpg,0.00022416467254515737
frame_6.jpg,0.00014806617400608957
frame_4.jpg,0.0001465290697524324
frame_9.jpg,0.0015702934470027685
frame_3.jpg,0.00015956175047904253
frame_5.jpg,0.0001743050233926624
frame_8.jpg,0.0005618915311060846
frame_0.jpg,0.00013749209756497294
frame_11.jpg,0.0004124177503399551
frame_1.jpg,0.00017195199325215071
frame_2.jpg,0.0001881062053143978
frame_7.jpg,0.00014942363486625254
frame_10.jpg,0.00018646915850695223
frame_13.jpg,0.0001683644950389862
frame_6.jpg,0.00018047883349936455
frame_4.jpg,0.000204080919502303
frame_9.jpg,0.00018107419600710273
frame_3.jpg,0.00021749298321083188
frame_5.jpg,0.00017964407743420452
frame_8.jpg,0.00017160623974632472
frame_0.jpg,0.00021406830637715757
frame_11.jpg,0.00018504320178180933
frame_1.jpg,0.00018610560800880194
frame_14.jpg,0.00017886399291455746
frame_12.jpg,0.00016670647892169654
frame_2.jpg,0.00022234806965570897
frame_7.jpg,0.00018013532098848373
frame_0.jpg,0.429013192653656
frame_10.jpg,0.0002691779227461666
frame_6.jpg,0.00019527770928107202
frame_4.jpg,0.01961495168507099
frame_9.jpg,0.0002226928627351299
frame_3.jpg,0.00021420327539090067
frame_5.jpg,0.00015161566261667758
frame_8.jpg,0.0015265108086168766
frame_0.jpg,0.00022531770810019225
frame_11.jpg,0.00030937339761294425
frame_1.jpg,0.00023343789507634938
frame_12.jpg,0.0002518457476980984
frame_2.jpg,0.0003206737746950239
frame_10.jpg,0.0003711387689691037
frame_13.jpg,0.0005730171105824411
frame_6.jpg,0.0003179040504619479
frame_4.jpg,0.0004391408001538366
frame_15.jpg,0.00039513062802143395
frame_9.jpg,0.0004435261362232268
frame_3.jpg,0.0005354859749786556
frame_5.jpg,0.0004461733333300799
frame_8.jpg,0.0004605679714586586
frame_0.jpg,0.0004320544539950788
frame_11.jpg,0.0004099479701835662
frame_16.jpg,0.00036479171831160784
frame_1.jpg,0.00045116679393686354
frame_14.jpg,0.0004651183553505689
frame_12.jpg,0.00045539860730059445
frame_2.jpg,0.0004983230610378087
frame_17.jpg,0.00047112771426327527
frame_7.jpg,0.00034255211357958615
frame_10.jpg,0.00020120838598813862
frame_13.jpg,0.00023026905546430498
frame_6.jpg,0.0002117238036589697
frame_4.jpg,0.00020019625662826002
frame_9.jpg,0.00020771348499692976
frame_3.jpg,0.0001886410900624469
frame_5.jpg,0.0002210107777500525
frame_8.jpg,0.00023896715720184147
frame_0.jpg,0.00025760920834727585
frame_11.jpg,0.0001965959236258641
frame_1.jpg,0.00024137705622706562
frame_14.jpg,0.00022121782239992172
frame_12.jpg,0.00026940437965095043
frame_2.jpg,0.0002549502532929182
frame_7.jpg,0.00019920365593861789
frame_10.jpg,0.0001853693975135684
frame_13.jpg,0.00018410183838568628
frame_6.jpg,0.00019682644051499665
frame_9.jpg,0.00015615408483427018
frame_3.jpg,0.0001606000296305865
frame_5.jpg,0.00019452636479400098
frame_8.jpg,0.00022644104319624603
frame_0.jpg,0.0001478635531384498
frame_11.jpg,0.00017720327014103532
frame_1.jpg,0.00014098321844357997
frame_14.jpg,0.00018707092385739088
frame_12.jpg,0.0002443252597004175
frame_2.jpg,0.000188704245374538
frame_7.jpg,0.00020284186757635325
frame_0.jpg,0.0036876043304800987
frame_0.jpg,0.0001739115541568026
frame_6.jpg,0.00013849290553480387
frame_4.jpg,0.00015362478734459728
frame_9.jpg,0.00013769375800620764
frame_3.jpg,0.00017216855485457927
frame_5.jpg,0.00014795467723160982
frame_8.jpg,0.00013280872371979058
frame_0.jpg,0.0001726318005239591
frame_1.jpg,0.00016285547462757677
frame_2.jpg,0.00014643323083873838
frame_7.jpg,0.0001351563259959221
frame_10.jpg,0.00015344574057962745
frame_13.jpg,0.0003075113636441529
frame_6.jpg,0.00012720389349851757
frame_4.jpg,0.00013006606604903936
frame_9.jpg,0.00015630292182322592
frame_3.jpg,0.0001259343553101644
frame_5.jpg,0.00012888293713331223
frame_8.jpg,0.00020260429300833493
frame_0.jpg,0.0001263575250050053
frame_11.jpg,0.0002704309590626508
frame_1.jpg,0.00013310513168107718
frame_14.jpg,0.0001779189333319664
frame_12.jpg,0.00022516309400089085
frame_2.jpg,0.0001303812168771401
frame_7.jpg,0.00015988129598554224
frame_10.jpg,0.00016371332458220422
frame_13.jpg,0.00017744963406585157
frame_6.jpg,0.00018104346236214042
frame_4.jpg,0.00016630640311632305
frame_9.jpg,0.0002526215394027531
frame_3.jpg,0.00017306490917690098
frame_5.jpg,0.00022044758952688426
frame_8.jpg,0.00020451606542337686
frame_0.jpg,0.0001752820098772645
frame_11.jpg,0.00017988472245633602
frame_1.jpg,0.00018270895816385746
frame_14.jpg,0.0002650538517627865
frame_12.jpg,0.0001971220481209457
frame_2.jpg,0.00017107509484048933
frame_7.jpg,0.00023641357256565243
frame_6.jpg,0.0002013267803704366
frame_4.jpg,0.00019968381093349308
frame_3.jpg,0.0002061093837255612
frame_5.jpg,0.00022669856844004244
frame_0.jpg,0.00020405638497322798
frame_1.jpg,0.00022417213767766953
frame_2.jpg,0.00020053477783221751
frame_7.jpg,0.0001804602361517027
frame_0.jpg,0.00025514818844385445
frame_6.jpg,0.0002642073668539524
frame_4.jpg,0.00021905488392803818
frame_9.jpg,0.00030190686811693013
frame_3.jpg,0.00024692213628441095
frame_5.jpg,0.0002904487191699445
frame_8.jpg,0.00027163460617884994
frame_0.jpg,0.00026498487568460405
frame_1.jpg,0.00029037060448899865
frame_2.jpg,0.0003301326069049537
frame_7.jpg,0.000327802961692214
frame_0.jpg,0.00021215926972217858
frame_6.jpg,0.0012710376176983118
frame_4.jpg,0.0003645933174993843
frame_3.jpg,0.0007568514556623995
frame_0.jpg,0.0003209805872756988
frame_1.jpg,0.0003065915952902287
frame_2.jpg,0.02375396341085434
frame_0.jpg,0.00020049826707690954
frame_0.jpg,0.0012842145515605807
frame_10.jpg,0.004437349271029234
frame_6.jpg,0.0010767853818833828
frame_4.jpg,0.0003253837348893285
frame_9.jpg,0.0014937673695385456
frame_3.jpg,0.00037616241024807096
frame_5.jpg,0.013587024994194508
frame_8.jpg,0.00028539382037706673
frame_0.jpg,0.0005950694903731346
frame_11.jpg,0.00031899946043267846
frame_1.jpg,0.00022902361524756998
frame_12.jpg,0.0006911201635375619
frame_2.jpg,0.0003745557914953679
frame_7.jpg,0.0006721664103679359
frame_0.jpg,0.0001303559693042189
frame_10.jpg,0.00015942823665682226
frame_6.jpg,0.00017006606503855437
frame_4.jpg,0.00016653697821311653
frame_9.jpg,0.00016425654757767916
frame_5.jpg,0.00015704029647167772
frame_8.jpg,0.00017038678925018758
frame_0.jpg,0.000214737985515967
frame_11.jpg,0.0001695666869636625
frame_1.jpg,0.00017085534636862576
frame_12.jpg,0.00016033485007937998
frame_2.jpg,0.00014812096196692437
frame_7.jpg,0.00017397059127688408
frame_0.jpg,0.00017895545170176774
frame_0.jpg,0.00015533019904978573
frame_10.jpg,0.00017305633809883147
frame_6.jpg,0.000170556188095361
frame_4.jpg,0.00023024511756375432
frame_9.jpg,0.00020231916278135031
frame_3.jpg,0.00024376240617129952
frame_5.jpg,0.00013966856931801885
frame_8.jpg,0.0002320947969565168
frame_0.jpg,0.00022147086565382779
frame_1.jpg,0.00019336800323799253
frame_2.jpg,0.00022377341520041227
frame_7.jpg,0.4218934178352356
frame_10.jpg,0.000266118353465572
frame_6.jpg,0.000652714166790247
frame_4.jpg,0.00026230208459310234
frame_9.jpg,0.0004467154503799975
frame_3.jpg,0.0006096639554016292
frame_5.jpg,0.0003640600189100951
frame_8.jpg,0.0018289490835741162
frame_0.jpg,0.061385124921798706
frame_11.jpg,0.0005377497873269022
frame_1.jpg,0.000703425903338939
frame_12.jpg,0.0006994911818765104
frame_2.jpg,0.0007002945640124381
frame_7.jpg,0.00020887549908366054
frame_10.jpg,0.00013999098155181855
frame_6.jpg,0.00017394174938090146
frame_4.jpg,0.00014170953363645822
frame_9.jpg,0.00017068113083951175
frame_3.jpg,0.00015438339323736727
frame_5.jpg,0.0001548138534417376
frame_8.jpg,0.00014600659778807312
frame_0.jpg,0.0001457698381273076
frame_11.jpg,0.00013391327229328454
frame_1.jpg,0.00021225883392617106
frame_12.jpg,0.00014022330287843943
frame_2.jpg,0.0001518506178399548
frame_7.jpg,0.0001376596192130819
frame_10.jpg,0.00019280645938124508
frame_13.jpg,0.0001965368865057826
frame_6.jpg,0.0002062416897388175
frame_9.jpg,0.00018213530711364
frame_5.jpg,0.00016739476996008307
frame_8.jpg,0.00016055071318987757
frame_0.jpg,0.0001484068197896704
frame_11.jpg,0.00019562881789170206
frame_1.jpg,0.0001384996430715546
frame_14.jpg,0.00017721139010973275
frame_12.jpg,0.00021093152463436127
frame_2.jpg,0.0001498941273894161
frame_7.jpg,0.00017669190128799528
frame_6.jpg,0.0002737764734774828
frame_4.jpg,0.00018583003839012235
frame_3.jpg,0.00022509352129418403
frame_5.jpg,0.0002297696628374979
frame_0.jpg,0.0001836370793171227
frame_1.jpg,0.00013181478425394744
frame_2.jpg,0.00016276107635349035
frame_7.jpg,0.00022908914252184331
frame_0.jpg,0.0007655486115254462
frame_0.jpg,0.00021146677318029106
frame_6.jpg,0.0003380739944986999
frame_4.jpg,0.0001838648458942771
frame_3.jpg,0.00036138927680440247
frame_5.jpg,0.00013683905126526952
frame_8.jpg,0.0054054949432611465
frame_0.jpg,0.0001962861279025674
frame_1.jpg,0.00017622162704356015
frame_2.jpg,0.000541295506991446
frame_7.jpg,0.0017543688882142305
frame_10.jpg,0.0003049765364266932
frame_6.jpg,0.0003360120754223317
frame_4.jpg,0.0002789693244267255
frame_9.jpg,0.0002615232369862497
frame_3.jpg,0.0001826727093430236
frame_5.jpg,0.0005296160816214979
frame_8.jpg,0.0002524612355045974
frame_0.jpg,0.0003519006131682545
frame_11.jpg,0.0003204873646609485
frame_1.jpg,0.00031325756572186947
frame_2.jpg,0.0002507670724298805
frame_7.jpg,0.0002113897498929873
frame_10.jpg,0.00018455021199770272
frame_13.jpg,0.0001424218062311411
frame_6.jpg,0.00017758231842890382
frame_4.jpg,0.00018074644322041422
frame_9.jpg,0.00014409296272788197
frame_3.jpg,0.00019810449157375842
frame_5.jpg,0.00017589845811016858
frame_8.jpg,0.0001519424404250458
frame_0.jpg,0.000172438652953133
frame_11.jpg,0.0001735092228045687
frame_1.jpg,0.00017682973702903837
frame_14.jpg,0.00018324702978134155
frame_12.jpg,0.0001512062008259818
frame_2.jpg,0.00017443734395783395
frame_7.jpg,0.000147305428981781
frame_10.jpg,0.0001776318094925955
frame_6.jpg,0.0001771672978065908
frame_4.jpg,0.00020589075575117022
frame_9.jpg,0.0001799914607545361
frame_3.jpg,0.00017486800788901746
frame_5.jpg,0.00020433521422091872
frame_8.jpg,0.0001969942677533254
frame_0.jpg,0.00019613232871051878
frame_11.jpg,0.00023308162053581327
frame_1.jpg,0.00017564337758813053
frame_12.jpg,0.0001760889426805079
frame_2.jpg,0.00018801564874593168
frame_7.jpg,0.000191945830010809
frame_0.jpg,0.0001685095194261521
frame_0.jpg,0.0009756339713931084
frame_0.jpg,0.0019027014495804906
frame_0.jpg,0.004086623899638653
frame_0.jpg,0.006475587375462055
frame_10.jpg,0.00022264699509833008
frame_13.jpg,0.00020514652715064585
frame_6.jpg,0.00022532008006237447
frame_4.jpg,0.00019576912745833397
frame_9.jpg,0.00023891477030701935
frame_3.jpg,0.00017670098168309778
frame_5.jpg,0.0002384623367106542
frame_8.jpg,0.00022914067085366696
frame_0.jpg,0.00020201595907565206
frame_11.jpg,0.00025962249492295086
frame_1.jpg,0.00019729090854525566
frame_14.jpg,0.0002573929086793214
frame_12.jpg,0.0002296459279023111
frame_2.jpg,0.00020861299708485603
frame_7.jpg,0.00016320275608450174
frame_6.jpg,0.00021165094221942127
frame_4.jpg,0.00018471463408786803
frame_9.jpg,0.00019787548808380961
frame_3.jpg,0.00015655871538911015
frame_5.jpg,0.00017030963499564677
frame_8.jpg,0.00019240959954913706
frame_0.jpg,0.00024177826708182693
frame_1.jpg,0.0002697447198443115
frame_2.jpg,0.00017608272901270539
frame_7.jpg,0.00019315717509016395
frame_0.jpg,0.0001627697638468817
frame_6.jpg,0.00022622052347287536
frame_4.jpg,0.00020940454851370305
frame_9.jpg,0.00020407020929269493
frame_3.jpg,0.00022273702779784799
frame_5.jpg,0.00020971483900211751
frame_8.jpg,0.00019426019571255893
frame_0.jpg,0.0002497177629265934
frame_1.jpg,0.00022774975514039397
frame_2.jpg,0.00022310642816592008
frame_7.jpg,0.00020159341511316597
frame_0.jpg,0.00020767726527992636
frame_0.jpg,0.0006982669583521783
frame_10.jpg,0.00015127890219446272
frame_13.jpg,0.00015223625814542174
frame_6.jpg,0.00016586677520535886
frame_4.jpg,0.0002226446522399783
frame_9.jpg,0.00015107104263734072
frame_3.jpg,0.00012677026097662747
frame_5.jpg,0.00022358492424245924
frame_8.jpg,0.0002457604859955609
frame_0.jpg,0.00018079676374327391
frame_11.jpg,0.00015256220649462193
frame_1.jpg,0.00012775685172528028
frame_14.jpg,0.0001410742406733334
frame_12.jpg,0.00014531629858538508
frame_2.jpg,0.0001236142124980688
frame_7.jpg,0.0002853375335689634
frame_0.jpg,0.0001739997969707474
frame_10.jpg,0.01409052312374115
frame_13.jpg,0.0018709664000198245
frame_6.jpg,0.786154568195343
frame_4.jpg,0.8543603420257568
frame_9.jpg,0.4171982407569885
frame_3.jpg,0.8948239088058472
frame_5.jpg,0.8147667050361633
frame_8.jpg,0.06942182034254074
frame_0.jpg,0.8947156667709351
frame_11.jpg,0.012907040305435658
frame_1.jpg,0.8264528512954712
frame_14.jpg,0.007477696053683758
frame_12.jpg,0.03790188953280449
frame_2.jpg,0.9098746180534363
frame_7.jpg,0.5215698480606079
frame_0.jpg,0.00017203958122991025
frame_10.jpg,0.9266150593757629
frame_6.jpg,0.01309675071388483
frame_4.jpg,0.08591669797897339
frame_9.jpg,0.00021947905770502985
frame_3.jpg,0.0017173378728330135
frame_5.jpg,0.005743658170104027
frame_8.jpg,0.0005654885899275541
frame_0.jpg,0.00021249290148261935
frame_11.jpg,0.00022020831238478422
frame_1.jpg,0.00020730869437102228
frame_2.jpg,0.21524250507354736
frame_7.jpg,0.059907879680395126
frame_0.jpg,0.00028380408184602857
frame_0.jpg,0.050902847200632095
frame_10.jpg,0.00018306923448108137
frame_13.jpg,0.00015671434812247753
frame_6.jpg,0.00018085745978169143
frame_9.jpg,0.00016975760809145868
frame_5.jpg,0.00022915139561519027
frame_8.jpg,0.0001630164188100025
frame_0.jpg,0.00014499023382086307
frame_11.jpg,0.00015720554802101105
frame_1.jpg,0.00015910611546132714
frame_14.jpg,0.00019815094128716737
frame_12.jpg,0.00017886741261463612
frame_2.jpg,0.00019204578711651266
frame_7.jpg,0.00016326468903571367
frame_10.jpg,0.00023644603788852692
frame_6.jpg,0.00020564670558087528
frame_4.jpg,0.00023096121731214225
frame_9.jpg,0.00037367784534581006
frame_3.jpg,0.00021053287491668016
frame_5.jpg,0.0002089225163217634
frame_8.jpg,0.005182204768061638
frame_0.jpg,0.00017277736333198845
frame_11.jpg,0.0003802892751991749
frame_1.jpg,0.0001796021097106859
frame_2.jpg,0.0001979004155145958
frame_7.jpg,0.0002181284799007699
frame_10.jpg,0.00027661825879476964
frame_6.jpg,0.00014763053331989795
frame_4.jpg,0.0001454877929063514
frame_9.jpg,0.011683733202517033
frame_3.jpg,0.00021952888346277177
frame_5.jpg,0.00015674662427045405
frame_8.jpg,0.00020959870016667992
frame_0.jpg,0.0004922316875308752
frame_11.jpg,0.00020108737226109952
frame_1.jpg,0.001835975213907659
frame_2.jpg,0.0006672231829725206
frame_7.jpg,0.0001381316687911749
frame_0.jpg,0.0001814101415220648
frame_0.jpg,0.00015897418779786676
frame_10.jpg,0.5298842191696167
frame_6.jpg,0.14086079597473145
frame_4.jpg,0.008548217825591564
frame_9.jpg,0.37636977434158325
frame_3.jpg,0.0032360292971134186
frame_5.jpg,0.0003607913386076689
frame_8.jpg,0.6526164412498474
frame_0.jpg,0.025896409526467323
frame_11.jpg,0.16118809580802917
frame_1.jpg,0.006187574937939644
frame_2.jpg,0.0003508497611619532
frame_7.jpg,0.028751106932759285
frame_10.jpg,0.0017709132516756654
frame_6.jpg,0.0004010761040262878
frame_4.jpg,0.00032455651671625674
frame_9.jpg,0.0003100060857832432
frame_3.jpg,0.00033796316711232066
frame_5.jpg,0.0005111477803438902
frame_8.jpg,0.0004162269760854542
frame_0.jpg,0.00036684199585579336
frame_11.jpg,0.00021921517327427864
frame_1.jpg,0.0003375103115104139
frame_12.jpg,0.00024695604224689305
frame_2.jpg,0.0007268330664373934
frame_7.jpg,0.0005176443373784423
frame_0.jpg,0.0011060520773753524
frame_10.jpg,0.00024817450321279466
frame_13.jpg,0.00021309326984919608
frame_6.jpg,0.0002258782769786194
frame_4.jpg,0.000257823005085811
frame_9.jpg,0.00023665330081712455
frame_3.jpg,0.0002566851326264441
frame_5.jpg,0.0002608767244964838
frame_8.jpg,0.00026478333165869117
frame_0.jpg,0.00024014274822548032
frame_11.jpg,0.00021428006584756076
frame_1.jpg,0.00023085511929821223
frame_14.jpg,0.00024157136795111
frame_12.jpg,0.000254022452281788
frame_2.jpg,0.00019898683240171522
frame_7.jpg,0.00021006168390158564
frame_10.jpg,0.00019494375737849623
frame_13.jpg,0.00017961701087187976
frame_6.jpg,0.00017419600044377148
frame_4.jpg,0.00014010368613526225
frame_9.jpg,0.0001525341358501464
frame_3.jpg,0.00014170899521559477
frame_5.jpg,0.00014310161350294948
frame_8.jpg,0.00016307394253090024
frame_0.jpg,0.00014352005382534117
frame_11.jpg,0.00020419400243554264
frame_1.jpg,0.00014164429740048945
frame_14.jpg,0.000249822303885594
frame_12.jpg,0.0001947199198184535
frame_2.jpg,0.00020885979756712914
frame_7.jpg,0.00013978208880871534
frame_10.jpg,0.0003816397220361978
frame_13.jpg,0.0004985780105926096
frame_6.jpg,0.000456316105555743
frame_4.jpg,0.00044520781375467777
frame_15.jpg,0.0005790895665995777
frame_9.jpg,0.0003647402336355299
frame_3.jpg,0.0005795622710138559
frame_5.jpg,0.0003994978324044496
frame_8.jpg,0.0004561467794701457
frame_0.jpg,0.0004592382756527513
frame_11.jpg,0.0002996786206495017
frame_16.jpg,0.0003314027562737465
frame_1.jpg,0.00044851546408608556
frame_14.jpg,0.00036945947795175016
frame_12.jpg,0.00047882593935355544
frame_2.jpg,0.0005678371526300907
frame_17.jpg,0.00037171202711761
frame_7.jpg,0.0004187219892628491
frame_0.jpg,0.0004095684562344104
frame_10.jpg,0.0003853434755001217
frame_6.jpg,0.00027608522213995457
frame_4.jpg,0.0002165882324334234
frame_9.jpg,0.0002481851552147418
frame_3.jpg,0.00035820467746816576
frame_5.jpg,0.00023451115703210235
frame_8.jpg,0.0003178674087394029
frame_0.jpg,0.0002207420620834455
frame_11.jpg,0.00020872520690318197
frame_1.jpg,0.0002724833320826292
frame_12.jpg,0.00019617441284935921
frame_2.jpg,0.0002632692048791796
frame_7.jpg,0.00038502091774716973
frame_10.jpg,0.00021249432757031173
frame_6.jpg,0.00019541254732757807
frame_4.jpg,0.00018046799232251942
frame_9.jpg,0.0001892436994239688
frame_3.jpg,0.0002605327172204852
frame_5.jpg,0.0002168581122532487
frame_8.jpg,0.00022984613315202296
frame_0.jpg,0.00021340556850191206
frame_11.jpg,0.0001981596287805587
frame_1.jpg,0.0002301716012880206
frame_2.jpg,0.0002123890008078888
frame_7.jpg,0.00021336082136258483
frame_0.jpg,0.0002454172063153237
frame_0.jpg,0.00023361849889624864
frame_10.jpg,0.00022623258701059967
frame_6.jpg,0.00014692977129016072
frame_4.jpg,0.00014702253974974155
frame_9.jpg,0.0003051690582651645
frame_3.jpg,0.00014919556269887835
frame_5.jpg,0.00015731141320429742
frame_8.jpg,0.00015728951257187873
frame_0.jpg,0.0004476569010876119
frame_11.jpg,0.0001679834967944771
frame_1.jpg,0.025279810652136803
frame_2.jpg,0.00019677277305163443
frame_7.jpg,0.00015811626508366317
frame_6.jpg,0.000159166069352068
frame_4.jpg,0.00017192904488183558
frame_3.jpg,0.00014617264969274402
frame_5.jpg,0.0002720060001593083
frame_0.jpg,0.00013042398495599627
frame_1.jpg,0.00013842107728123665
frame_2.jpg,0.00013761762238573283
frame_0.jpg,0.0003498040896374732
frame_6.jpg,0.0007723689777776599
frame_4.jpg,0.001399610424414277
frame_3.jpg,0.033466439694166183
frame_5.jpg,0.0005295277223922312
frame_8.jpg,0.0005041727563366294
frame_0.jpg,0.010133074596524239
frame_1.jpg,0.036326780915260315
frame_2.jpg,0.0015784251736477017
frame_7.jpg,0.0021488021593540907
frame_0.jpg,0.00014937735977582633
frame_10.jpg,0.0001912966399686411
frame_13.jpg,0.0001501754013588652
frame_6.jpg,0.000153913046233356
frame_4.jpg,0.0001711202785372734
frame_9.jpg,0.0001480393548263237
frame_3.jpg,0.00017054869385901839
frame_5.jpg,0.00022215460194274783
frame_8.jpg,0.0001618001697352156
frame_0.jpg,0.00018413171346765012
frame_11.jpg,0.00014671863755211234
frame_1.jpg,0.00018839878612197936
frame_14.jpg,0.00015000393614172935
frame_12.jpg,0.0001525009865872562
frame_2.jpg,0.00016361908637918532
frame_7.jpg,0.0001855373557191342
frame_0.jpg,0.00016692251665517688
frame_10.jpg,0.6212968826293945
frame_6.jpg,0.023829519748687744
frame_4.jpg,0.0005272963899187744
frame_9.jpg,0.32610833644866943
frame_3.jpg,0.0010309190256521106
frame_5.jpg,0.3983774483203888
frame_8.jpg,0.2731642723083496
frame_0.jpg,0.0002833417383953929
frame_11.jpg,0.4190064072608948
frame_1.jpg,0.00039932518848218024
frame_2.jpg,0.0027859690599143505
frame_7.jpg,0.021517761051654816
frame_0.jpg,0.0001770102680893615
frame_0.jpg,0.000145379759487696
frame_0.jpg,0.06885570287704468
frame_10.jpg,0.0002155912370653823
frame_13.jpg,0.0002555859391577542
frame_6.jpg,0.0002491631603334099
frame_4.jpg,0.000216850676224567
frame_9.jpg,0.00020349507394712418
frame_3.jpg,0.00021799374371767044
frame_5.jpg,0.0002916390949394554
frame_8.jpg,0.0002584515605121851
frame_0.jpg,0.00018801332043949515
frame_11.jpg,0.0002422233810648322
frame_1.jpg,0.00020980146655347198
frame_14.jpg,0.0002349054702790454
frame_12.jpg,0.00019273221550974995
frame_2.jpg,0.00024411454796791077
frame_7.jpg,0.00023714275448583066
frame_6.jpg,0.00038420583587139845
frame_4.jpg,0.0002690358378458768
frame_3.jpg,0.0002902206324506551
frame_5.jpg,0.0002597371058072895
frame_0.jpg,0.000196140754269436
frame_1.jpg,0.00018847496539819986
frame_2.jpg,0.0003412862424738705
frame_7.jpg,0.00028350658249109983
frame_10.jpg,0.0005928876926191151
frame_13.jpg,0.00047035544412210584
frame_6.jpg,0.000379838515073061
frame_4.jpg,0.00042864339775405824
frame_15.jpg,0.00042949168710038066
frame_9.jpg,0.00048224697820842266
frame_3.jpg,0.00043653929606080055
frame_5.jpg,0.00032810313859954476
frame_8.jpg,0.00040442965109832585
frame_0.jpg,0.000450452120276168
frame_11.jpg,0.0004446700040716678
frame_16.jpg,0.0004800102033186704
frame_1.jpg,0.0004395981668494642
frame_14.jpg,0.00045465384027920663
frame_12.jpg,0.000571946264244616
frame_2.jpg,0.00043072618427686393
frame_17.jpg,0.00041041168151423335
frame_7.jpg,0.00042255985317751765
frame_10.jpg,0.0002507386088836938
frame_6.jpg,0.00013590410526376218
frame_4.jpg,0.00018916433327831328
frame_9.jpg,0.00017519344692118466
frame_3.jpg,0.0001672974176472053
frame_5.jpg,0.00015053681272547692
frame_8.jpg,0.00019036649609915912
frame_0.jpg,0.00023204853641800582
frame_11.jpg,0.00018128631927538663
frame_1.jpg,0.0002655630523804575
frame_2.jpg,0.0001654669758863747
frame_7.jpg,0.00019754015374928713
frame_6.jpg,0.0002233103004982695
frame_4.jpg,0.00022852803522255272
frame_3.jpg,0.0002266609517391771
frame_5.jpg,0.000276375183602795
frame_0.jpg,0.00020815640164073557
frame_1.jpg,0.00021842648857273161
frame_2.jpg,0.00018545531202107668
frame_7.jpg,0.00022523179359268397
frame_0.jpg,0.0003397769760340452
frame_10.jpg,0.00024774394114501774
frame_13.jpg,0.0001689427881501615
frame_6.jpg,0.0003656475164461881
frame_4.jpg,0.00017841055523604155
frame_9.jpg,0.0002543709706515074
frame_3.jpg,0.0034243781119585037
frame_5.jpg,0.0017879350343719125
frame_8.jpg,0.0006769235478714108
frame_0.jpg,0.0006642453372478485
frame_11.jpg,0.00025541154900565743
frame_1.jpg,0.0015591890551149845
frame_14.jpg,0.0001646878372412175
frame_12.jpg,0.0001933244930114597
frame_2.jpg,0.0010624186834320426
frame_7.jpg,0.0003210240392945707
frame_0.jpg,0.0001620150578673929
frame_0.jpg,0.00021742373064626008
frame_10.jpg,0.00021181708143558353
frame_13.jpg,0.0001521335361758247
frame_6.jpg,0.0001331048842985183
frame_4.jpg,0.0001388275413773954
frame_9.jpg,0.0001534253970021382
frame_3.jpg,0.00016750828945077956
frame_5.jpg,0.00013499082706402987
frame_8.jpg,0.00013529921125154942
frame_0.jpg,0.00015675200847908854
frame_11.jpg,0.00014663110778201371
frame_1.jpg,0.00015303325199056417
frame_14.jpg,0.00014465159620158374
frame_12.jpg,0.00020465125271584839
frame_2.jpg,0.00021811599435750395
frame_7.jpg,0.00015092735702637583
frame_0.jpg,0.00024783069966360927
frame_10.jpg,0.00023334332217928022
frame_13.jpg,0.00023133412469178438
frame_6.jpg,0.00017536862287670374
frame_4.jpg,0.00027057461556978524
frame_9.jpg,0.0002545594470575452
frame_3.jpg,0.00023384089581668377
frame_5.jpg,0.0001813160633901134
frame_8.jpg,0.00019715851522050798
frame_0.jpg,0.00024151311663445085
frame_11.jpg,0.00021688373817596585
frame_1.jpg,0.00019775006512645632
frame_14.jpg,0.0003595920861698687
frame_12.jpg,0.00024083360040094703
frame_2.jpg,0.0003164088702760637
frame_7.jpg,0.00022388360230252147
frame_0.jpg,0.00029033300234004855
frame_6.jpg,0.0001626019220566377
frame_4.jpg,0.0018753355834633112
frame_3.jpg,0.00016081916692201048
frame_5.jpg,0.00019223337585572153
frame_8.jpg,0.0001699435233604163
frame_0.jpg,0.001661236397922039
frame_1.jpg,0.026318836957216263
frame_2.jpg,0.02505280263721943
frame_7.jpg,0.0001893984153866768
frame_10.jpg,0.0002442705153953284
frame_13.jpg,0.0004089272697456181
frame_6.jpg,0.00017171769286505878
frame_4.jpg,0.00038709642831236124
frame_15.jpg,0.00022358512796927243
frame_9.jpg,0.00013912572467233986
frame_3.jpg,0.0002015030913753435
frame_5.jpg,0.0004313945537433028
frame_8.jpg,0.00013358218711800873
frame_0.jpg,0.00023507395235355943
frame_11.jpg,0.0002226453070761636
frame_1.jpg,0.0002011525648413226
frame_14.jpg,0.0002295329759363085
frame_12.jpg,0.00021470116917043924
frame_2.jpg,0.00022621621610596776
frame_7.jpg,0.11212503910064697
frame_0.jpg,0.0001821109908632934
frame_0.jpg,0.00016325271280948073
frame_0.jpg,0.00029438655474223197
frame_0.jpg,0.00019202874682378024
frame_10.jpg,0.00013357096759136766
frame_13.jpg,0.00013069860870018601
frame_6.jpg,0.00013442643103189766
frame_4.jpg,0.00014108124014455825
frame_9.jpg,0.00014060354442335665
frame_3.jpg,0.00014922957052476704
frame_5.jpg,0.00014891813043504953
frame_8.jpg,0.0001293738605454564
frame_0.jpg,0.0001286465849261731
frame_11.jpg,0.00015681239892728627
frame_1.jpg,0.0001335353299509734
frame_14.jpg,0.00014888576697558165
frame_12.jpg,0.00013836684229318053
frame_2.jpg,0.00013758167915511876
frame_7.jpg,0.00012850128405261785
frame_10.jpg,0.4010447859764099
frame_13.jpg,0.028126269578933716
frame_6.jpg,0.0001612146443221718
frame_4.jpg,0.00013019585458096117
frame_9.jpg,0.011505590751767159
frame_3.jpg,0.00015655231254640967
frame_5.jpg,0.0001357717119390145
frame_8.jpg,0.0007958417991176248
frame_11.jpg,0.1983312964439392
frame_14.jpg,0.10272497683763504
frame_12.jpg,0.0658002495765686
frame_7.jpg,0.00014546935562975705
frame_0.jpg,0.00015689647989347577
frame_0.jpg,0.0002587755734566599
frame_0.jpg,0.0007369525847025216
frame_0.jpg,0.00018767212168313563
frame_10.jpg,0.00021475910034496337
frame_6.jpg,0.00026303459890186787
frame_4.jpg,0.0002334929013159126
frame_9.jpg,0.0002539207343943417
frame_3.jpg,0.00021002002176828682
frame_5.jpg,0.0002615160192362964
frame_8.jpg,0.00023300363682210445
frame_0.jpg,0.00021805193682666868
frame_11.jpg,0.0003174630692228675
frame_1.jpg,0.00022905551304575056
frame_12.jpg,0.0005474002682603896
frame_2.jpg,0.00026145190349780023
frame_7.jpg,0.0002537989930715412
frame_0.jpg,0.00015653333684895188
frame_6.jpg,0.0036367415450513363
frame_4.jpg,0.00017718081653583795
frame_3.jpg,0.0024436437524855137
frame_0.jpg,0.00067885936005041
frame_1.jpg,0.002479694550856948
frame_2.jpg,0.0017528337193652987
frame_0.jpg,0.00017989295884035528
frame_0.jpg,0.0002580684085842222
frame_0.jpg,0.0003247019776608795
frame_0.jpg,0.0002110429632011801
frame_0.jpg,0.0001573552144691348
frame_0.jpg,0.0002750054991338402
frame_6.jpg,0.0002131778164766729
frame_4.jpg,0.00020053170737810433
frame_3.jpg,0.0001951989543158561
frame_5.jpg,0.00018844063743017614
frame_8.jpg,0.00024731893790885806
frame_0.jpg,0.00019653126946650445
frame_1.jpg,0.00019598970538936555
frame_2.jpg,0.00020451373711694032
frame_7.jpg,0.00019171935855410993
frame_10.jpg,0.00024292670423164964
frame_6.jpg,0.0002068501926260069
frame_4.jpg,0.00021299495710991323
frame_9.jpg,0.00019820028683170676
frame_3.jpg,0.0003569152031559497
frame_5.jpg,0.00024096888955682516
frame_8.jpg,0.0002450230240356177
frame_0.jpg,0.00017823034431785345
frame_11.jpg,0.0004052908916492015
frame_1.jpg,0.00019947525288444012
frame_2.jpg,0.0002692936977837235
frame_7.jpg,0.0003286704304628074
frame_0.jpg,0.004518740810453892
frame_0.jpg,0.00016799711738713086
frame_6.jpg,0.00018382103007752448
frame_4.jpg,0.0001880346389953047
frame_3.jpg,0.00019590675947256386
frame_5.jpg,0.00014476460637524724
frame_0.jpg,0.00016449415124952793
frame_1.jpg,0.00016123832028824836
frame_2.jpg,0.00017402834782842547
frame_7.jpg,0.00015408219769597054
frame_0.jpg,0.00013322678569238633
frame_10.jpg,0.00024852092610672116
frame_13.jpg,0.00023998870165087283
frame_6.jpg,0.000283370929537341
frame_4.jpg,0.000296771147986874
frame_15.jpg,0.0002194677945226431
frame_9.jpg,0.00024409919569734484
frame_3.jpg,0.00029039193759672344
frame_5.jpg,0.0002720531483646482
frame_8.jpg,0.0002918877580668777
frame_0.jpg,0.00026036586496047676
frame_11.jpg,0.00024651476996950805
frame_16.jpg,0.00019896504818461835
frame_1.jpg,0.00026340506155975163
frame_14.jpg,0.00017828811542131007
frame_12.jpg,0.00022597088536713272
frame_2.jpg,0.00028469323297031224
frame_17.jpg,0.00019827984215226024
frame_7.jpg,0.0003633011074271053
frame_0.jpg,0.00020945009600836784
frame_6.jpg,0.0001967219141079113
frame_4.jpg,0.00019380396406631917
frame_5.jpg,0.00016641680849716067
frame_0.jpg,0.00017405854305252433
frame_10.jpg,0.003009940031915903
frame_13.jpg,0.000507535703945905
frame_6.jpg,0.00025323915178887546
frame_4.jpg,0.0003005129110533744
frame_9.jpg,0.0002361054066568613
frame_3.jpg,0.0004390947287902236
frame_5.jpg,0.00027912575751543045
frame_8.jpg,0.00038967799628153443
frame_0.jpg,0.000886396795976907
frame_11.jpg,0.0006723069818690419
frame_1.jpg,0.0002307415852556005
frame_14.jpg,0.00020243841572664678
frame_12.jpg,0.00042196287540718913
frame_2.jpg,0.0002273665595566854
frame_7.jpg,0.00017649252549745142
frame_0.jpg,0.0009064620826393366
frame_10.jpg,0.00014722399646416306
frame_13.jpg,0.00014668198127765208
frame_6.jpg,0.0001638352987356484
frame_4.jpg,0.00018058830755762756
frame_9.jpg,0.0002066749584628269
frame_3.jpg,0.00015951035311445594
frame_5.jpg,0.00019926310051232576
frame_8.jpg,0.00020364626834634691
frame_0.jpg,0.0001726169721223414
frame_11.jpg,0.00015108558000065386
frame_1.jpg,0.00019548916316125542
frame_14.jpg,0.00014582573203369975
frame_12.jpg,0.00019415465067140758
frame_2.jpg,0.0002106081519741565
frame_7.jpg,0.0001881668285932392
frame_10.jpg,0.00034065626095980406
frame_13.jpg,0.00018420579726807773
frame_6.jpg,0.00024343492987100035
frame_4.jpg,0.0002071932831313461
frame_9.jpg,0.0002139226271538064
frame_3.jpg,0.00018759607337415218
frame_5.jpg,0.0002094053488690406
frame_8.jpg,0.00020602978474926203
frame_0.jpg,0.00018583182827569544
frame_11.jpg,0.00022779710707254708
frame_1.jpg,0.0001941820519277826
frame_14.jpg,0.00023038960353005677
frame_12.jpg,0.00019957208132836968
frame_2.jpg,0.00018597183225210756
frame_7.jpg,0.00023530605540145189
frame_10.jpg,0.00040016110870055854
frame_6.jpg,0.00017359611229039729
frame_4.jpg,0.00020156556274741888
frame_9.jpg,0.00017744996875990182
frame_3.jpg,0.00048123899614438415
frame_5.jpg,0.005381802562624216
frame_8.jpg,0.0005249669775366783
frame_0.jpg,0.0002500854025129229
frame_11.jpg,0.000699348805937916
frame_1.jpg,0.0001622252893866971
frame_2.jpg,0.025039590895175934
frame_7.jpg,0.00028192761237733066
frame_0.jpg,0.0002260544861201197
frame_10.jpg,0.00020070541359018534
frame_13.jpg,0.7697784304618835
frame_6.jpg,0.0001727602502796799
frame_4.jpg,0.0001539319782750681
frame_9.jpg,0.00021342287072911859
frame_3.jpg,0.00016100940410979092
frame_5.jpg,0.00019220751710236073
frame_8.jpg,0.0002091997885145247
frame_0.jpg,0.00015401111159007996
frame_11.jpg,0.00017837178893387318
frame_1.jpg,0.00015690903819631785
frame_14.jpg,0.00021350775205064565
frame_12.jpg,0.00018113634723704308
frame_2.jpg,0.00016729964409023523
frame_7.jpg,0.0001834610156947747
frame_6.jpg,0.00018141047621611506
frame_4.jpg,0.00016432031407020986
frame_3.jpg,0.0002026661386480555
frame_5.jpg,0.00020538255921564996
frame_0.jpg,0.0001830118417274207
frame_1.jpg,0.00022166456619743258
frame_2.jpg,0.00020022793614771217
frame_7.jpg,0.00018099028966389596
frame_0.jpg,0.07877348363399506
frame_0.jpg,0.0001758692815201357
frame_10.jpg,0.00028042905614711344
frame_13.jpg,0.000256560102570802
frame_6.jpg,0.00032317571458406746
frame_4.jpg,0.0006670684088021517
frame_9.jpg,0.00031878845766186714
frame_3.jpg,0.0007885679951868951
frame_5.jpg,0.00030542287277057767
frame_8.jpg,0.0002036167570622638
frame_0.jpg,0.0002811205049511045
frame_11.jpg,0.0007057585753500462
frame_1.jpg,0.00019954753224737942
frame_14.jpg,0.00020768694230355322
frame_12.jpg,0.00043194490717723966
frame_2.jpg,0.0002691035333555192
frame_7.jpg,0.0005516575183719397
frame_6.jpg,0.00015606716624461114
frame_4.jpg,0.00015757099026814103
frame_3.jpg,0.00014335235755424947
frame_5.jpg,0.0001507668202975765
frame_0.jpg,0.00014476888463832438
frame_1.jpg,0.0001739679282763973
frame_2.jpg,0.00019057643658015877
frame_10.jpg,0.001902831718325615
frame_13.jpg,0.001712257624603808
frame_6.jpg,0.0008788564591668546
frame_4.jpg,0.0011754059232771397
frame_9.jpg,0.0009990232065320015
frame_3.jpg,0.443693608045578
frame_5.jpg,0.0010262203868478537
frame_8.jpg,0.0014573427615687251
frame_0.jpg,0.00019085484382230788
frame_11.jpg,0.004817306529730558
frame_1.jpg,0.00046556154848076403
frame_14.jpg,0.0016009294195100665
frame_12.jpg,0.0016121033113449812
frame_2.jpg,0.008910608477890491
frame_7.jpg,0.001679705921560526
frame_6.jpg,0.00016203777340706438
frame_4.jpg,0.00018236017785966396
frame_9.jpg,0.0001671330537647009
frame_3.jpg,0.00016748736379668117
frame_5.jpg,0.00015987305960152298
frame_8.jpg,0.00016689894255250692
frame_0.jpg,0.00014632032252848148
frame_1.jpg,0.00017232228128705174
frame_2.jpg,0.00021880252461414784
frame_7.jpg,0.00016890316328499466
frame_10.jpg,0.0004192516498733312
frame_13.jpg,0.0004120420489925891
frame_6.jpg,0.000183576499694027
frame_4.jpg,0.32277536392211914
frame_9.jpg,0.5101118683815002
frame_3.jpg,0.00026228433125652373
frame_5.jpg,0.00015897161210887134
frame_8.jpg,0.001847588806413114
frame_0.jpg,0.00018569773237686604
frame_11.jpg,0.00013878679601475596
frame_1.jpg,0.42797550559043884
frame_14.jpg,0.0001920501672429964
frame_12.jpg,0.00038074725307524204
frame_2.jpg,0.00014187123451847583
frame_7.jpg,0.007374755572527647
frame_6.jpg,0.00014824232493992895
frame_4.jpg,0.000198024048586376
frame_9.jpg,0.00029781562625430524
frame_3.jpg,0.00020241198944859207
frame_5.jpg,0.00017852014570962638
frame_8.jpg,0.00016489681729581207
frame_0.jpg,0.00021682048100046813
frame_1.jpg,0.00020083981507923454
frame_2.jpg,0.00022004818310961127
frame_7.jpg,0.0002122942532878369
frame_0.jpg,0.00018230451678391546
frame_0.jpg,0.00018890350474976003
frame_6.jpg,0.0001643759460421279
frame_4.jpg,0.00015106498904060572
frame_3.jpg,0.0001560561649966985
frame_5.jpg,0.00015189146506600082
frame_0.jpg,0.0001495753094786778
frame_1.jpg,0.00015282210370060056
frame_2.jpg,0.00016357727872673422
frame_7.jpg,0.0001509495050413534
frame_10.jpg,0.0001654922089073807
frame_6.jpg,0.00016663815767969936
frame_4.jpg,0.0001832106790971011
frame_9.jpg,0.00016383374168071896
frame_3.jpg,0.000175727647729218
frame_5.jpg,0.00014240469317883253
frame_8.jpg,0.0001708387426333502
frame_0.jpg,0.0002331565337954089
frame_11.jpg,0.0001695632963674143
frame_1.jpg,0.00021163943165447563
frame_12.jpg,0.00014083136920817196
frame_2.jpg,0.00021473267406690866
frame_7.jpg,0.0002136172988684848
frame_0.jpg,0.00021457734692376107
frame_10.jpg,0.0004768516810145229
frame_13.jpg,0.0013427812373265624
frame_6.jpg,0.0012356973020359874
frame_4.jpg,0.00811995193362236
frame_9.jpg,0.00014986912719905376
frame_3.jpg,0.0002969395136460662
frame_5.jpg,0.001636106870137155
frame_8.jpg,0.0002454436616972089
frame_0.jpg,0.0006503300974145532
frame_11.jpg,0.0010204410646110773
frame_1.jpg,0.0007146362913772464
frame_14.jpg,0.0001687135372776538
frame_12.jpg,0.00015207665273919702
frame_2.jpg,0.00040658918442204595
frame_7.jpg,0.0001668978511588648
frame_0.jpg,0.00022151203302200884
frame_0.jpg,0.00015780508692841977
frame_6.jpg,0.00016905397933442146
frame_4.jpg,0.00014317505701910704
frame_9.jpg,0.0001398986205458641
frame_3.jpg,0.0001557698124088347
frame_5.jpg,0.0001489943970227614
frame_8.jpg,0.00014841827214695513
frame_0.jpg,0.00016589445294812322
frame_1.jpg,0.00013978821516502649
frame_2.jpg,0.00015984805941116065
frame_7.jpg,0.00014367671974468976
frame_6.jpg,0.00016598812362644821
frame_4.jpg,0.00017881624808069319
frame_9.jpg,0.00016483220679219812
frame_3.jpg,0.00016522481746505946
frame_5.jpg,0.00014180793368723243
frame_8.jpg,0.00016819185111671686
frame_0.jpg,0.00018661074864212424
frame_1.jpg,0.00015983554476406425
frame_2.jpg,0.0001636412343941629
frame_7.jpg,0.00015839014668017626
frame_10.jpg,0.0002926350571215153
frame_13.jpg,0.0002405389677733183
frame_6.jpg,0.00022890244144946337
frame_4.jpg,0.0003045769699383527
frame_9.jpg,0.00017534753715153784
frame_3.jpg,0.0005815737531520426
frame_5.jpg,0.00024453175137750804
frame_8.jpg,0.00019233586499467492
frame_0.jpg,0.00030030697234906256
frame_11.jpg,0.00019334440003149211
frame_1.jpg,0.00035515968920663
frame_14.jpg,0.0006777385133318603
frame_12.jpg,0.00022921388153918087
frame_2.jpg,0.0003385072632227093
frame_7.jpg,0.00028347063926048577
frame_10.jpg,0.8805752396583557
frame_23.jpg,0.612125813961029
frame_13.jpg,0.8817712068557739
frame_18.jpg,0.00015539063315372914
frame_6.jpg,0.0014710362302139401
frame_25.jpg,0.001021060859784484
frame_24.jpg,0.001776337274350226
frame_4.jpg,0.9009409546852112
frame_15.jpg,0.00038416057941503823
frame_19.jpg,0.0003802445135079324
frame_9.jpg,0.0001977651409106329
frame_3.jpg,0.26111936569213867
frame_21.jpg,0.5235788822174072
frame_5.jpg,0.5680714845657349
frame_8.jpg,0.922691285610199
frame_0.jpg,0.5184503793716431
frame_11.jpg,0.00854460522532463
frame_16.jpg,0.5759187340736389
frame_22.jpg,0.00021045339235570282
frame_1.jpg,0.8325550556182861
frame_14.jpg,0.8507679104804993
frame_12.jpg,0.9021589756011963
frame_2.jpg,0.7765522599220276
frame_20.jpg,0.0046885646879673
frame_17.jpg,0.00015585747314617038
frame_7.jpg,0.5291236042976379
frame_10.jpg,0.0003197887563146651
frame_6.jpg,0.00030337978387251496
frame_4.jpg,0.00030002708081156015
frame_9.jpg,0.0003325396100990474
frame_3.jpg,0.0002729809784796089
frame_5.jpg,0.0003709972370415926
frame_8.jpg,0.00019530917052179575
frame_0.jpg,0.00018173805437982082
frame_1.jpg,0.00016035228327382356
frame_2.jpg,0.0001974531332962215
frame_7.jpg,0.0002457164227962494
frame_10.jpg,0.00028444253257475793
frame_6.jpg,0.00024792758631519973
frame_4.jpg,0.00022937545145396143
frame_9.jpg,0.0003023250319529325
frame_3.jpg,0.00027427158784121275
frame_5.jpg,0.0002097830583807081
frame_8.jpg,0.00033859768882393837
frame_0.jpg,0.00017837841005530208
frame_1.jpg,0.00017310900148004293
frame_2.jpg,0.00017045553249772638
frame_7.jpg,0.00020401943766046315
frame_0.jpg,0.00016606634017080069
frame_0.jpg,0.0001879409101093188
frame_0.jpg,0.00021354967611841857
frame_0.jpg,0.21746642887592316
frame_0.jpg,0.0001831464032875374
frame_10.jpg,0.00030035225790925324
frame_13.jpg,0.00016523929662071168
frame_6.jpg,0.000655348994769156
frame_4.jpg,0.0001663934817770496
frame_9.jpg,0.0003897481656167656
frame_3.jpg,0.0004161529941484332
frame_5.jpg,0.0015022105071693659
frame_8.jpg,0.00022507937683258206
frame_0.jpg,0.0002118405100191012
frame_11.jpg,0.0002236964355688542
frame_1.jpg,0.0002265295770484954
frame_14.jpg,0.0001893251173896715
frame_12.jpg,0.00018637195171322674
frame_2.jpg,0.0006470438675023615
frame_7.jpg,0.0002892990014515817
frame_10.jpg,0.0012910468503832817
frame_13.jpg,0.00015280272054951638
frame_6.jpg,0.0001453390286769718
frame_4.jpg,0.00014350323181133717
frame_9.jpg,0.022864289581775665
frame_3.jpg,0.00018345401622354984
frame_5.jpg,0.00014897847722750157
frame_8.jpg,0.00030066363979130983
frame_0.jpg,0.0012413682416081429
frame_11.jpg,0.006573795806616545
frame_1.jpg,0.0003216222976334393
frame_14.jpg,0.00015101314056664705
frame_12.jpg,0.009929971769452095
frame_2.jpg,0.00018827701569534838
frame_7.jpg,0.0001641862327232957
frame_0.jpg,0.00028527984977699816
frame_0.jpg,0.00021948850189801306
frame_0.jpg,0.037148721516132355
frame_10.jpg,0.0002248933888040483
frame_6.jpg,0.0002288036048412323
frame_4.jpg,0.00024208046670537442
frame_9.jpg,0.00023097533266991377
frame_3.jpg,0.00024069770006462932
frame_5.jpg,0.0002498547255527228
frame_8.jpg,0.00025471459957771003
frame_0.jpg,0.00024431408382952213
frame_11.jpg,0.0002665081119630486
frame_1.jpg,0.00022691006597597152
frame_12.jpg,0.00026908787549473345
frame_2.jpg,0.00022841172176413238
frame_7.jpg,0.0002267971431137994
frame_0.jpg,0.00018729262228589505
frame_6.jpg,0.0030554120894521475
frame_4.jpg,0.00014761688362341374
frame_9.jpg,0.00022073723084758967
frame_3.jpg,0.00016173382755368948
frame_5.jpg,0.00014475744683295488
frame_8.jpg,0.00018648855620995164
frame_0.jpg,0.0002849955053534359
frame_1.jpg,0.0009102131007239223
frame_2.jpg,0.00035745929926633835
frame_7.jpg,0.0036016087979078293
frame_0.jpg,0.00016264020814560354
frame_10.jpg,0.33425959944725037
frame_13.jpg,0.0003518295125104487
frame_6.jpg,0.004411556292325258
frame_4.jpg,0.0057865711860358715
frame_9.jpg,0.009172252379357815
frame_3.jpg,0.00383658311329782
frame_5.jpg,0.002110870787873864
frame_8.jpg,0.043264273554086685
frame_0.jpg,0.000656939868349582
frame_11.jpg,0.0025991101283580065
frame_1.jpg,0.011117541231215
frame_14.jpg,0.004298363346606493
frame_12.jpg,0.0010023261420428753
frame_2.jpg,0.01971966214478016
frame_7.jpg,0.19356301426887512
frame_0.jpg,0.0002058597601717338
frame_0.jpg,0.00015310417802538723
frame_10.jpg,0.00019616843201220036
frame_6.jpg,0.0002637810248415917
frame_4.jpg,0.00020270013192202896
frame_9.jpg,0.00031421560561284423
frame_3.jpg,0.00018537521827965975
frame_5.jpg,0.00022890267428010702
frame_8.jpg,0.00028627540450543165
frame_0.jpg,0.00018825549341272563
frame_1.jpg,0.00016355857951566577
frame_2.jpg,0.00019323971355333924
frame_7.jpg,0.00017408872372470796
frame_0.jpg,0.0001581780961714685
frame_6.jpg,0.00021227684919722378
frame_4.jpg,0.0002175946137867868
frame_9.jpg,0.00018000791897065938
frame_3.jpg,0.00021744031982962042
frame_5.jpg,0.0002559815184213221
frame_8.jpg,0.00017240102170035243
frame_0.jpg,0.00018599913164507598
frame_1.jpg,0.00018989261297974735
frame_2.jpg,0.00029496726347133517
frame_7.jpg,0.00022649182938039303
frame_10.jpg,0.00017728321836329997
frame_6.jpg,0.0001933152525452897
frame_4.jpg,0.00016692203644197434
frame_9.jpg,0.00016461624181829393
frame_3.jpg,0.00018300746160093695
frame_5.jpg,0.0001807574590202421
frame_8.jpg,0.00017739992472343147
frame_0.jpg,0.00018012708460446447
frame_11.jpg,0.0001846392551669851
frame_1.jpg,0.0001583594857947901
frame_2.jpg,0.00017664910410530865
frame_7.jpg,0.00016210807370953262
frame_0.jpg,0.00018669744895305485
frame_0.jpg,0.09834509342908859
frame_6.jpg,0.00013814088015351444
frame_4.jpg,0.0001389149547321722
frame_3.jpg,0.00021112569083925337
frame_5.jpg,0.0002192653191741556
frame_0.jpg,0.00014368220581673086
frame_1.jpg,0.00017717220180202276
frame_2.jpg,0.00017489235324319452
frame_7.jpg,0.00014297098095994443
frame_10.jpg,0.0005662349867634475
frame_13.jpg,0.0005196038982830942
frame_6.jpg,0.00044932079617865384
frame_4.jpg,0.0005709569668397307
frame_15.jpg,0.0004478058544918895
frame_9.jpg,0.0005742941866628826
frame_3.jpg,0.00047393946442753077
frame_5.jpg,0.00047333427937701344
frame_8.jpg,0.00040665699634701014
frame_0.jpg,0.0004739243595395237
frame_11.jpg,0.0005886848084628582
frame_16.jpg,0.0006686184788122773
frame_1.jpg,0.00047736745909787714
frame_14.jpg,0.000535478291567415
frame_12.jpg,0.0007328290375880897
frame_2.jpg,0.00046293993364088237
frame_17.jpg,0.0004361254395917058
frame_7.jpg,0.0005418778164312243
frame_0.jpg,0.0002849778102245182
frame_0.jpg,0.00019460186013020575
frame_0.jpg,0.00014730992552358657
frame_10.jpg,0.0004177918308414519
frame_13.jpg,0.0001738380960887298
frame_6.jpg,0.00024236681929323822
frame_4.jpg,0.00018124708731193095
frame_9.jpg,0.00020680052693933249
frame_3.jpg,0.00019922242790926248
frame_5.jpg,0.0002062306593870744
frame_8.jpg,0.00021603752975352108
frame_0.jpg,0.00020068742742296308
frame_11.jpg,0.0002940407139249146
frame_1.jpg,0.00018457835540175438
frame_14.jpg,0.0001859519979916513
frame_12.jpg,0.00016812048852443695
frame_2.jpg,0.00019922888895962387
frame_7.jpg,0.0002226442302344367
frame_10.jpg,0.00027094504912383854
frame_6.jpg,0.00020989408949390054
frame_4.jpg,0.00031116415630094707
frame_9.jpg,0.00023097597295418382
frame_3.jpg,0.0003624045057222247
frame_5.jpg,0.00017896942154038697
frame_8.jpg,0.00021272175945341587
frame_0.jpg,0.00020053688785992563
frame_11.jpg,0.0002636879507917911
frame_1.jpg,0.0002596271806396544
frame_2.jpg,0.0001817522570490837
frame_7.jpg,0.000287175877019763
frame_0.jpg,0.00014223276230040938
frame_10.jpg,0.4105342924594879
frame_6.jpg,0.0804913341999054
frame_4.jpg,0.0003423515008762479
frame_9.jpg,0.35537099838256836
frame_3.jpg,0.004861021880060434
frame_5.jpg,0.006239780690521002
frame_8.jpg,0.07137563079595566
frame_0.jpg,0.00020988949108868837
frame_11.jpg,0.03388170897960663
frame_1.jpg,0.0004730622749775648
frame_2.jpg,0.019471345469355583
frame_7.jpg,0.00020777015015482903
frame_10.jpg,0.00019185029668733478
frame_6.jpg,0.0002309193805558607
frame_4.jpg,0.00021084665786474943
frame_9.jpg,0.0003438951971475035
frame_3.jpg,0.00019293776131235063
frame_5.jpg,0.00021708755230065435
frame_8.jpg,0.0001997325598495081
frame_0.jpg,0.00041928800055757165
frame_1.jpg,0.00026720267487689853
frame_2.jpg,0.00018020780407823622
frame_7.jpg,0.00020210418733768165
frame_0.jpg,0.001968358177691698
frame_6.jpg,0.00020030584710184485
frame_4.jpg,0.00018333249317947775
frame_5.jpg,0.00019148843421135098
frame_1.jpg,0.00029186438769102097
frame_2.jpg,0.45233845710754395
frame_7.jpg,0.00014088847092352808
frame_0.jpg,0.000263435416854918
frame_6.jpg,0.8433892726898193
frame_9.jpg,0.25746533274650574
frame_8.jpg,0.55278080701828
frame_0.jpg,0.003600409487262368
frame_2.jpg,0.7210902571678162
frame_7.jpg,0.5049671530723572
frame_10.jpg,0.0002587755734566599
frame_13.jpg,0.00021916288824286312
frame_6.jpg,0.0002534142986405641
frame_4.jpg,0.00025597322382964194
frame_9.jpg,0.00022339358110912144
frame_3.jpg,0.00024446999304927886
frame_5.jpg,0.0001792532711988315
frame_8.jpg,0.00017938970995601267
frame_0.jpg,0.0002473368658684194
frame_11.jpg,0.0002421469398541376
frame_1.jpg,0.00023277869331650436
frame_14.jpg,0.00024171742552425712
frame_12.jpg,0.00024453384685330093
frame_2.jpg,0.00022114273451734334
frame_7.jpg,0.000201847666176036
frame_10.jpg,0.00041878767660818994
frame_6.jpg,0.0004195123037789017
frame_4.jpg,0.0002639253798406571
frame_9.jpg,0.00046067353105172515
frame_3.jpg,0.00020845055405516177
frame_5.jpg,0.00020317961752880365
frame_8.jpg,0.00020627392223104835
frame_0.jpg,0.00021165497309993953
frame_1.jpg,0.0001718559506116435
frame_2.jpg,0.00024929005303420126
frame_7.jpg,0.00034305659937672317
frame_6.jpg,0.0002890553150791675
frame_4.jpg,0.0003698206855915487
frame_3.jpg,0.0002167615748476237
frame_5.jpg,0.00044946561683900654
frame_0.jpg,0.0002788775891531259
frame_1.jpg,0.000479980546515435
frame_2.jpg,0.00030866454471834004
frame_7.jpg,0.0002673155686352402
frame_10.jpg,0.00019778890418820083
frame_6.jpg,0.0001784572086762637
frame_4.jpg,0.00019181300012860447
frame_9.jpg,0.0002132538502337411
frame_3.jpg,0.00017550776829011738
frame_5.jpg,0.00020312811830081046
frame_8.jpg,0.00023280689492821693
frame_0.jpg,0.00018440191342961043
frame_1.jpg,0.00020066541037522256
frame_2.jpg,0.00019234520732425153
frame_7.jpg,0.00019259129476267844
frame_10.jpg,0.002760713454335928
frame_6.jpg,0.00021466145699378103
frame_4.jpg,0.0009118475718423724
frame_9.jpg,0.0004507274425122887
frame_3.jpg,0.0002768544072750956
frame_5.jpg,0.00016856336151249707
frame_8.jpg,0.0007637110538780689
frame_0.jpg,0.00012693963071797043
frame_11.jpg,0.00014624709729105234
frame_1.jpg,0.00013775362458545715
frame_12.jpg,0.02258705534040928
frame_2.jpg,0.00013663474237546325
frame_7.jpg,0.0002935387601610273
frame_6.jpg,0.7423457503318787
frame_4.jpg,0.019960885867476463
frame_3.jpg,0.27757421135902405
frame_5.jpg,0.2528914213180542
frame_8.jpg,0.016553029417991638
frame_0.jpg,0.0003270712913945317
frame_1.jpg,0.0024138486478477716
frame_2.jpg,0.0004823356866836548
frame_7.jpg,0.0003987933450844139
frame_0.jpg,0.00012157109449617565
frame_6.jpg,0.0002313312579644844
frame_4.jpg,0.0002192120300605893
frame_3.jpg,0.0001907373225549236
frame_5.jpg,0.0001856053277151659
frame_8.jpg,0.00022979530331213027
frame_0.jpg,0.0002044829016085714
frame_1.jpg,0.00021482074225787073
frame_2.jpg,0.000199121015612036
frame_7.jpg,0.0001973345351871103
frame_0.jpg,0.00014286875375546515
frame_0.jpg,0.00017917653894983232
frame_10.jpg,0.00022988469572737813
frame_13.jpg,0.00021979070152156055
frame_6.jpg,0.00023618873092345893
frame_4.jpg,0.0002521730202715844
frame_9.jpg,0.00020871724700555205
frame_3.jpg,0.00020746368682011962
frame_5.jpg,0.00020047476573381573
frame_8.jpg,0.00032813381403684616
frame_0.jpg,0.00022073912259656936
frame_11.jpg,0.0002268092503072694
frame_1.jpg,0.00021395935618784279
frame_14.jpg,0.00025024067144840956
frame_12.jpg,0.00022546104446519166
frame_2.jpg,0.0002153219102183357
frame_7.jpg,0.00017320160986855626
frame_6.jpg,0.0002907925518229604
frame_4.jpg,0.0002986316103488207
frame_3.jpg,0.0003503826737869531
frame_5.jpg,0.0003679929068312049
frame_0.jpg,0.00031069075339473784
frame_1.jpg,0.00021333234326448292
frame_2.jpg,0.00019594821787904948
frame_7.jpg,0.00035787257365882397
frame_6.jpg,0.36535391211509705
frame_4.jpg,0.0019978058990091085
frame_3.jpg,0.07318121194839478
frame_5.jpg,0.003576730377972126
frame_8.jpg,0.4999842047691345
frame_0.jpg,0.000901277584489435
frame_1.jpg,0.029394984245300293
frame_2.jpg,0.3054008483886719
frame_7.jpg,0.023905480280518532
frame_0.jpg,0.0002685527433641255
frame_0.jpg,0.0004667857429012656
frame_10.jpg,0.0002361432561883703
frame_6.jpg,0.00016329552454408258
frame_4.jpg,0.00018409885524306446
frame_9.jpg,0.0002513487415853888
frame_3.jpg,0.00019017435261048377
frame_5.jpg,0.00016297772526741028
frame_8.jpg,0.00023922203399706632
frame_0.jpg,0.000255611288594082
frame_1.jpg,0.00018861373246181756
frame_2.jpg,0.00021481685689650476
frame_7.jpg,0.0001943752431543544
frame_10.jpg,0.00014582266157958657
frame_13.jpg,0.00021884904708713293
frame_6.jpg,0.0001368924422422424
frame_4.jpg,0.000283628236502409
frame_9.jpg,0.00018574518617242575
frame_3.jpg,0.00013732608931604773
frame_5.jpg,0.00018205806554760784
frame_8.jpg,0.0001834025897551328
frame_0.jpg,0.0002008899609791115
frame_11.jpg,0.0001958727661985904
frame_1.jpg,0.00017406187544111162
frame_14.jpg,0.0001799761812435463
frame_12.jpg,0.00013518573541659862
frame_2.jpg,0.0002728862455114722
frame_7.jpg,0.00014055408246349543
frame_6.jpg,0.0002496853703632951
frame_4.jpg,0.0002464188728481531
frame_3.jpg,0.00017081137048080564
frame_5.jpg,0.00022382187307812274
frame_0.jpg,0.00013675166701432317
frame_1.jpg,0.00015347923908848315
frame_2.jpg,0.00015852053184062243
frame_7.jpg,0.0002084642619593069
frame_6.jpg,0.0001904376404127106
frame_4.jpg,0.00014775502495467663
frame_9.jpg,0.00026761365006677806
frame_3.jpg,0.00015862667351029813
frame_5.jpg,0.0001809046952985227
frame_8.jpg,0.00027588289231061935
frame_0.jpg,0.00025525043020024896
frame_1.jpg,0.0002073826181003824
frame_2.jpg,0.00017673637194093317
frame_7.jpg,0.00021641523926518857
frame_0.jpg,0.00021125214698258787
frame_6.jpg,0.0004252880171407014
frame_4.jpg,0.00020845669496338814
frame_3.jpg,0.0022622288670390844
frame_0.jpg,0.00027148236404173076
frame_1.jpg,0.0006912927492521703
frame_2.jpg,0.009781399741768837
frame_0.jpg,0.00014789923443458974
frame_10.jpg,0.00013328013301361352
frame_13.jpg,0.00012652149598579854
frame_6.jpg,0.00012818127288483083
frame_4.jpg,0.00015316580538637936
frame_9.jpg,0.00013281252176966518
frame_3.jpg,0.0001302397868130356
frame_5.jpg,0.0001463165390305221
frame_8.jpg,0.00012967694783583283
frame_0.jpg,0.0001328615180682391
frame_11.jpg,0.0001378395827487111
frame_1.jpg,0.0001402342604706064
frame_14.jpg,0.0001736487465677783
frame_12.jpg,0.00012595212319865823
frame_2.jpg,0.00012783290003426373
frame_7.jpg,0.00012674428580794483
frame_6.jpg,0.00013318842684384435
frame_4.jpg,0.00013021298218518496
frame_9.jpg,0.0002374103933107108
frame_3.jpg,0.00013553346798289567
frame_5.jpg,0.00017228319484274834
frame_8.jpg,0.00023426846018992364
frame_0.jpg,0.00013616078649647534
frame_1.jpg,0.000156597830937244
frame_2.jpg,0.00017360204947181046
frame_7.jpg,0.0001598392118467018
frame_0.jpg,0.00023003865499049425
frame_6.jpg,0.00028974676388315856
frame_4.jpg,0.00026463321410119534
frame_9.jpg,0.0002705206861719489
frame_3.jpg,0.000292665499728173
frame_5.jpg,0.0002717491006478667
frame_8.jpg,0.00024193394347094
frame_0.jpg,0.000293757941108197
frame_1.jpg,0.00028013240080326796
frame_2.jpg,0.00028708280296996236
frame_7.jpg,0.0002843134861905128
frame_0.jpg,0.036701567471027374
frame_0.jpg,0.002292332239449024
frame_0.jpg,0.0002917375531978905
frame_10.jpg,0.00013780790322925895
frame_13.jpg,0.00019469004473648965
frame_6.jpg,0.00015506234194617718
frame_4.jpg,0.0001515108742751181
frame_9.jpg,0.0001444257068214938
frame_3.jpg,0.00017346076492685825
frame_5.jpg,0.00014614197425544262
frame_8.jpg,0.00015456222172360867
frame_0.jpg,0.0001495871547376737
frame_11.jpg,0.0002967490581795573
frame_1.jpg,0.0002929326437879354
frame_14.jpg,0.00020092196064069867
frame_12.jpg,0.000224594259634614
frame_2.jpg,0.00024788358132354915
frame_7.jpg,0.00014870200539007783
frame_6.jpg,0.00012851599603891373
frame_4.jpg,0.0001709955104161054
frame_3.jpg,0.00014480894606094807
frame_5.jpg,0.00018144267960451543
frame_8.jpg,0.00013516523176804185
frame_0.jpg,0.00014310107508208603
frame_1.jpg,0.00023022842651698738
frame_2.jpg,0.00013080523058306426
frame_7.jpg,0.0001365689531667158
frame_0.jpg,0.00012885786418337375
frame_6.jpg,0.0001775752316461876
frame_4.jpg,0.00018859648844227195
frame_9.jpg,0.00024252031289506704
frame_3.jpg,0.00015333021292462945
frame_5.jpg,0.00015693581372033805
frame_8.jpg,0.000182875242899172
frame_0.jpg,0.00027144301566295326
frame_1.jpg,0.00020312676497269422
frame_2.jpg,0.0001590478786965832
frame_7.jpg,0.00015669850108679384
frame_10.jpg,0.047722719609737396
frame_6.jpg,0.003199396189302206
frame_4.jpg,0.04035213962197304
frame_9.jpg,0.015980394557118416
frame_3.jpg,0.03695095703005791
frame_5.jpg,0.006108556408435106
frame_8.jpg,0.01692570000886917
frame_11.jpg,0.011410682462155819
frame_1.jpg,0.022891461849212646
frame_12.jpg,0.006182319484651089
frame_2.jpg,0.06638628244400024
frame_7.jpg,0.008037607185542583
frame_10.jpg,0.00021735283371526748
frame_6.jpg,0.0001771649403963238
frame_4.jpg,0.00020410078286658973
frame_9.jpg,0.0001988074363907799
frame_3.jpg,0.00018960512534249574
frame_5.jpg,0.00016965452232398093
frame_8.jpg,0.00021131137327756733
frame_0.jpg,0.00016430228424724191
frame_1.jpg,0.00020555414084810764
frame_2.jpg,0.00021527305943891406
frame_7.jpg,0.00019270389748271555
frame_0.jpg,0.00012922762834932655
frame_10.jpg,0.000148152161273174
frame_13.jpg,0.00016621334361843765
frame_6.jpg,0.00017316991579718888
frame_4.jpg,0.00017338964971713722
frame_9.jpg,0.0001821012847358361
frame_3.jpg,0.00017252237012144178
frame_5.jpg,0.00016814244736451656
frame_8.jpg,0.0001721662556519732
frame_0.jpg,0.00015187886310741305
frame_11.jpg,0.00017279876919928938
frame_1.jpg,0.00017790196579881012
frame_14.jpg,0.0001540991070214659
frame_12.jpg,0.00017297352314926684
frame_2.jpg,0.00018726458074525
frame_7.jpg,0.00017446330457460135
frame_0.jpg,0.00021888200717512518
frame_10.jpg,0.0005160550936125219
frame_6.jpg,0.00023634012904949486
frame_4.jpg,0.0003930081438738853
frame_9.jpg,0.0005062721320427954
frame_3.jpg,0.0002929212059825659
frame_5.jpg,0.00033917531254701316
frame_8.jpg,0.009591924957931042
frame_0.jpg,0.01573847606778145
frame_11.jpg,0.0025821393355727196
frame_1.jpg,0.006337297149002552
frame_2.jpg,0.00018480376456864178
frame_7.jpg,0.007152392063289881
frame_0.jpg,0.0015293580945581198
frame_0.jpg,0.00020470745221246034
frame_0.jpg,0.00015877740224823356
frame_6.jpg,0.000993796973489225
frame_4.jpg,0.0008797893533483148
frame_9.jpg,0.6331732869148254
frame_3.jpg,0.00030470421188510954
frame_5.jpg,0.0019258803222328424
frame_8.jpg,0.13505610823631287
frame_0.jpg,0.0062792920507490635
frame_1.jpg,0.006685022730380297
frame_2.jpg,0.000623237167019397
frame_7.jpg,0.013958236202597618
frame_10.jpg,0.0006957100122235715
frame_13.jpg,0.0007661343552172184
frame_6.jpg,0.0018262836383655667
frame_4.jpg,0.01620885543525219
frame_9.jpg,0.0013624387793242931
frame_3.jpg,0.056381456553936005
frame_5.jpg,0.02032865770161152
frame_8.jpg,0.0006166974199004471
frame_11.jpg,0.001067018718458712
frame_1.jpg,0.00042677437886595726
frame_14.jpg,0.0002873314078897238
frame_12.jpg,0.00037530172266997397
frame_2.jpg,0.0003004965838044882
frame_10.jpg,0.0002875016361940652
frame_6.jpg,0.0004370734968688339
frame_4.jpg,0.0002624594490043819
frame_9.jpg,0.00030002708081156015
frame_3.jpg,0.00019967734988313168
frame_5.jpg,0.0004038577317260206
frame_8.jpg,0.0002478469396010041
frame_0.jpg,0.0002981844008900225
frame_11.jpg,0.00035000621573999524
frame_1.jpg,0.00023743233759887516
frame_2.jpg,0.00019652264018077403
frame_7.jpg,0.00026896808412857354
frame_0.jpg,0.0002512864302843809
frame_6.jpg,0.00013472529826685786
frame_4.jpg,0.000130898057250306
frame_9.jpg,0.0002778865455184132
frame_3.jpg,0.00012963899644091725
frame_5.jpg,0.00023367549874819815
frame_8.jpg,0.00029484578408300877
frame_0.jpg,0.00013303851301316172
frame_1.jpg,0.00014273285341914743
frame_2.jpg,0.00018219643970951438
frame_7.jpg,0.00019266203162260354
frame_10.jpg,0.0001766831410350278
frame_13.jpg,0.00021936316625215113
frame_6.jpg,0.000265243201283738
frame_4.jpg,0.00025126340915448964
frame_9.jpg,0.0001869837287813425
frame_3.jpg,0.0002347433619434014
frame_5.jpg,0.0012462693266570568
frame_8.jpg,0.0003056929272133857
frame_0.jpg,0.0012444835156202316
frame_11.jpg,0.0002447988372296095
frame_1.jpg,0.0006500082090497017
frame_14.jpg,0.00029158429242670536
frame_12.jpg,0.0009579362813383341
frame_2.jpg,0.0002499916881788522
frame_7.jpg,0.00019414612324908376
frame_0.jpg,0.00034254579804837704
frame_0.jpg,0.0002376722259214148
frame_0.jpg,0.00015367488958872855
frame_0.jpg,0.0001634880609344691
frame_10.jpg,0.00015447942132595927
frame_6.jpg,0.00017119095718953758
frame_4.jpg,0.00016848364612087607
frame_9.jpg,0.00016040426271501929
frame_3.jpg,0.00015458256530109793
frame_5.jpg,0.0003858056734316051
frame_8.jpg,0.0001536001800559461
frame_0.jpg,0.00018015799287240952
frame_11.jpg,0.0002083498111460358
frame_1.jpg,0.00019744332530535758
frame_12.jpg,0.00016377736756112427
frame_2.jpg,0.00022057353635318577
frame_7.jpg,0.00019887133385054767
frame_0.jpg,0.00024710161960683763
frame_10.jpg,0.00032494720653630793
frame_6.jpg,0.00020355114247649908
frame_4.jpg,0.0001693517988314852
frame_9.jpg,0.0001708928175503388
frame_3.jpg,0.00015773078484926373
frame_5.jpg,0.0002556225226726383
frame_8.jpg,0.00022525411623064429
frame_0.jpg,0.00018840236589312553
frame_11.jpg,0.0002261760673718527
frame_1.jpg,0.00018220582569483668
frame_2.jpg,0.00015332830662373453
frame_7.jpg,0.00023193086963146925
frame_10.jpg,0.00015309952141251415
frame_6.jpg,0.007848226465284824
frame_4.jpg,0.00080337212421
frame_9.jpg,0.0067370617762207985
frame_3.jpg,0.0026904111728072166
frame_5.jpg,0.00046533928252756596
frame_8.jpg,0.007842246443033218
frame_0.jpg,0.00018387184536550194
frame_11.jpg,0.0026880197692662477
frame_1.jpg,0.0005813525640405715
frame_2.jpg,0.00328374607488513
frame_7.jpg,0.0035490000154823065
frame_10.jpg,0.0002464104036334902
frame_6.jpg,0.00021147867664694786
frame_4.jpg,0.0002482270065229386
frame_9.jpg,0.00031590007711201906
frame_3.jpg,0.00019611103925853968
frame_5.jpg,0.000255005230428651
frame_8.jpg,0.00024100566224660724
frame_0.jpg,0.00020333350403234363
frame_11.jpg,0.0002509000478312373
frame_1.jpg,0.00020381373178679496
frame_12.jpg,0.00025546440156176686
frame_2.jpg,0.00023044187400955707
frame_7.jpg,0.0001999328233068809
frame_6.jpg,0.02632291056215763
frame_4.jpg,0.0002673165872693062
frame_3.jpg,0.01896754465997219
frame_0.jpg,0.001072211773134768
frame_1.jpg,0.026024147868156433
frame_2.jpg,0.015523617155849934
frame_0.jpg,0.0002655134303495288
frame_0.jpg,0.00023289125238079578
frame_10.jpg,0.00033328926656395197
frame_6.jpg,0.0002641539613250643
frame_4.jpg,0.0003931394894607365
frame_9.jpg,0.00030154178966768086
frame_3.jpg,0.0004115821502637118
frame_5.jpg,0.00039603738696314394
frame_8.jpg,0.000408748397603631
frame_0.jpg,0.0003694281040225178
frame_11.jpg,0.0003148005926050246
frame_1.jpg,0.0002599030558485538
frame_2.jpg,0.00034247752046212554
frame_7.jpg,0.00032267573988065124
frame_10.jpg,0.9305962920188904
frame_13.jpg,0.801753044128418
frame_6.jpg,0.9072661995887756
frame_4.jpg,0.9220617413520813
frame_9.jpg,0.7790096402168274
frame_3.jpg,0.9041829705238342
frame_5.jpg,0.9588406085968018
frame_8.jpg,0.7202093005180359
frame_0.jpg,0.8016977906227112
frame_11.jpg,0.9459221363067627
frame_1.jpg,0.8417047262191772
frame_14.jpg,0.8232202529907227
frame_12.jpg,0.9227107763290405
frame_2.jpg,0.8633338212966919
frame_7.jpg,0.9621106386184692
frame_0.jpg,0.00022350628569256514
frame_10.jpg,0.00016222777776420116
frame_13.jpg,0.00014032468607183546
frame_6.jpg,0.00018205684318672866
frame_4.jpg,0.00017045732238329947
frame_9.jpg,0.00014386260590981692
frame_3.jpg,0.00020830807625316083
frame_5.jpg,0.00018112633551936597
frame_8.jpg,0.00016047939425334334
frame_0.jpg,0.00017522252164781094
frame_11.jpg,0.00015629426343366504
frame_1.jpg,0.00017216413107234985
frame_14.jpg,0.0001712912053335458
frame_12.jpg,0.00014198871213011444
frame_2.jpg,0.00019797476124949753
frame_7.jpg,0.00015271255688276142
frame_0.jpg,0.0002131647925125435
frame_0.jpg,0.0009756004437804222
frame_0.jpg,0.00018920545699074864
frame_6.jpg,0.0001520685327704996
frame_4.jpg,0.00015729716687928885
frame_9.jpg,0.0001585017889738083
frame_3.jpg,0.0001473270676797256
frame_5.jpg,0.00018240504141431302
frame_8.jpg,0.00014952156925573945
frame_0.jpg,0.00016899273032322526
frame_1.jpg,0.00019671984773594886
frame_2.jpg,0.00018080348672810942
frame_7.jpg,0.00017843711248133332
frame_10.jpg,0.00021936485427431762
frame_13.jpg,0.0002311141142854467
frame_6.jpg,0.0001877868635347113
frame_4.jpg,0.00023059069644659758
frame_9.jpg,0.0001968852011486888
frame_3.jpg,0.00020148177281953394
frame_5.jpg,0.00019178024376742542
frame_8.jpg,0.00018353975610807538
frame_0.jpg,0.00020382966613397002
frame_11.jpg,0.00019678514217957854
frame_1.jpg,0.00018064425967168063
frame_14.jpg,0.00022925475786905736
frame_12.jpg,0.00017560723063070327
frame_2.jpg,0.00018820846162270755
frame_7.jpg,0.0002038708480540663
frame_0.jpg,0.00021115527488291264
frame_10.jpg,0.0002780256618279964
frame_13.jpg,0.0002944564330391586
frame_6.jpg,0.0003825884487014264
frame_4.jpg,0.00023196559050120413
frame_9.jpg,0.0003978421736974269
frame_3.jpg,0.0002039128594333306
frame_5.jpg,0.00019196888024453074
frame_8.jpg,0.0003279173979535699
frame_0.jpg,0.00020617521659005433
frame_11.jpg,0.000213703271583654
frame_1.jpg,0.00020585308084264398
frame_14.jpg,0.0002585146576166153
frame_12.jpg,0.00026607749168761075
frame_2.jpg,0.00018626109522301704
frame_7.jpg,0.00043241208186373115
frame_0.jpg,0.0005820192745886743
frame_0.jpg,0.00014666185597889125
frame_6.jpg,0.00017755659064278007
frame_4.jpg,0.00018249201821163297
frame_3.jpg,0.0019925839733332396
frame_0.jpg,0.0003810658527072519
frame_1.jpg,0.00021872451179660857
frame_2.jpg,0.0006736612413078547
frame_0.jpg,0.00013933362788520753
frame_10.jpg,0.00014925404684618115
frame_13.jpg,0.00015272479504346848
frame_6.jpg,0.0001676175743341446
frame_4.jpg,0.0002790816070046276
frame_9.jpg,0.00014991643547546118
frame_3.jpg,0.00015773829363752156
frame_5.jpg,0.0001682659494690597
frame_8.jpg,0.00016107791452668607
frame_0.jpg,0.0001655782398302108
frame_11.jpg,0.00016828264051582664
frame_1.jpg,0.00018221104983240366
frame_14.jpg,0.00015705272380728275
frame_12.jpg,0.00016757010598666966
frame_2.jpg,0.0001795303833205253
frame_7.jpg,0.00015056453412398696
frame_6.jpg,0.0002900192339438945
frame_4.jpg,0.00023904828412923962
frame_9.jpg,0.00024153587582986802
frame_3.jpg,0.0001850132248364389
frame_5.jpg,0.00024742929963395
frame_8.jpg,0.00024285003019031137
frame_0.jpg,0.00023614775273017585
frame_1.jpg,0.00022520686616189778
frame_2.jpg,0.00030023683211766183
frame_7.jpg,0.00031666597351431847
frame_0.jpg,0.8802840709686279
frame_10.jpg,0.00030344779952429235
frame_6.jpg,0.0005338292103260756
frame_4.jpg,0.0002326672984054312
frame_9.jpg,0.00026999349938705564
frame_3.jpg,0.0005618797149509192
frame_5.jpg,0.00019742791482713073
frame_8.jpg,0.000264891394181177
frame_0.jpg,0.00017922386177815497
frame_11.jpg,0.0014771647984161973
frame_1.jpg,0.00031957137980498374
frame_2.jpg,0.09062325954437256
frame_7.jpg,0.00022482886561192572
frame_0.jpg,0.00019479884940665215
frame_0.jpg,0.0002520038397051394
frame_6.jpg,0.0003349551698192954
frame_4.jpg,0.0004027365939691663
frame_3.jpg,0.00029015031759627163
frame_5.jpg,0.00048468896420672536
frame_0.jpg,0.0004055741592310369
frame_1.jpg,0.0004735978436656296
frame_2.jpg,0.0003158603503834456
frame_7.jpg,0.00026665072073228657
frame_10.jpg,0.00020027779100928456
frame_13.jpg,0.00018903359887190163
frame_6.jpg,0.0001641100097913295
frame_4.jpg,0.00023949428577907383
frame_9.jpg,0.0002553477534092963
frame_3.jpg,0.0002387672138866037
frame_5.jpg,0.00021388978348113596
frame_8.jpg,0.000222091082832776
frame_0.jpg,0.00017604143067728728
frame_11.jpg,0.00023274873092304915
frame_1.jpg,0.0001846887171268463
frame_14.jpg,0.00019308741320855916
frame_12.jpg,0.00024843227583914995
frame_2.jpg,0.00022956711472943425
frame_7.jpg,0.0002272209239890799
frame_6.jpg,0.00016796091222204268
frame_4.jpg,0.00024589549866504967
frame_3.jpg,0.0007541828672401607
frame_0.jpg,0.0027844365686178207
frame_1.jpg,0.00029674143297597766
frame_2.jpg,0.0024775771889835596
frame_0.jpg,0.0001820621982915327
frame_0.jpg,0.00018219435878563672
frame_0.jpg,0.0002577364502940327
frame_0.jpg,0.00021545292111113667
frame_10.jpg,0.0003979548055212945
frame_13.jpg,0.0006553789717145264
frame_6.jpg,0.00036253719008527696
frame_4.jpg,0.0005268847453407943
frame_9.jpg,0.0005530110211111605
frame_3.jpg,0.00043451364035718143
frame_5.jpg,0.0004537240893114358
frame_8.jpg,0.0004316575650591403
frame_0.jpg,0.00033053220249712467
frame_11.jpg,0.00048358275671489537
frame_1.jpg,0.00037891269312240183
frame_14.jpg,0.00040807362529449165
frame_12.jpg,0.00035658152773976326
frame_2.jpg,0.00042396836215630174
frame_7.jpg,0.0004071853472851217
frame_0.jpg,0.00032103562261909246
frame_0.jpg,0.00017079459212254733
frame_0.jpg,0.00012741195678245276
frame_6.jpg,0.00020475372730288655
frame_4.jpg,0.00016161252278834581
frame_9.jpg,0.00023501747637055814
frame_3.jpg,0.00016420360771007836
frame_5.jpg,0.00019510890706442297
frame_8.jpg,0.00018764688866212964
frame_0.jpg,0.00024927910999394953
frame_1.jpg,0.00021787073637824506
frame_2.jpg,0.00016780402802396566
frame_7.jpg,0.00022304496087599546
frame_0.jpg,0.0001532974565634504
frame_0.jpg,0.00017057648801710457
frame_10.jpg,0.00017007483984343708
frame_13.jpg,0.00019586773123592138
frame_6.jpg,0.0001795471616787836
frame_4.jpg,0.00018408551113680005
frame_9.jpg,0.00016723203589208424
frame_3.jpg,0.00015344677376560867
frame_5.jpg,0.0002155930851586163
frame_8.jpg,0.00019613438053056598
frame_0.jpg,0.00020311455591581762
frame_11.jpg,0.00017797763575799763
frame_1.jpg,0.00016593275358900428
frame_14.jpg,0.0001822297926992178
frame_12.jpg,0.00016420673637185246
frame_2.jpg,0.00024603575002402067
frame_7.jpg,0.00016780546866357327
frame_0.jpg,0.00026793841971084476
frame_10.jpg,0.00014762504724785686
frame_6.jpg,0.00021078152349218726
frame_4.jpg,0.00015466332843061537
frame_9.jpg,0.00016741598665248603
frame_3.jpg,0.0001606162404641509
frame_5.jpg,0.00020927640434820205
frame_8.jpg,0.00045496405800804496
frame_0.jpg,0.00016768199566286057
frame_11.jpg,0.0002252545382361859
frame_1.jpg,0.00019515655003488064
frame_12.jpg,0.0001830217515816912
frame_2.jpg,0.00015371768677141517
frame_7.jpg,0.00020907098951283842
frame_0.jpg,0.00017282349290326238
frame_0.jpg,0.0002611007075756788
frame_6.jpg,0.00021558321896009147
frame_4.jpg,0.00022934790467843413
frame_9.jpg,0.0001869448460638523
frame_3.jpg,0.00034557655453681946
frame_5.jpg,0.00022596442431677133
frame_8.jpg,0.00023749801039230078
frame_0.jpg,0.0002081861748592928
frame_1.jpg,0.00022033201821614057
frame_2.jpg,0.00022950407583266497
frame_7.jpg,0.0002622348256409168
frame_6.jpg,0.0002034226927207783
frame_4.jpg,0.00022455677390098572
frame_3.jpg,0.0003499459708109498
frame_5.jpg,0.00031157679040916264
frame_0.jpg,0.00019675250223372132
frame_1.jpg,0.0002829983422998339
frame_2.jpg,0.000161610048962757
frame_7.jpg,0.0002689083630684763
frame_0.jpg,0.00031719470280222595
frame_0.jpg,0.0002201065217377618
frame_0.jpg,0.00024296189076267183
frame_0.jpg,0.0001765509368851781
frame_0.jpg,0.0002266138617414981
frame_10.jpg,0.0003601049829740077
frame_13.jpg,0.0002141246513929218
frame_6.jpg,0.00015637431351933628
frame_4.jpg,0.0003431804070714861
frame_9.jpg,0.0003155861340928823
frame_3.jpg,0.00014599712449125946
frame_5.jpg,0.00034388815402053297
frame_8.jpg,0.00035205864696763456
frame_0.jpg,0.0001976264175027609
frame_11.jpg,0.0002800310030579567
frame_1.jpg,0.00022068523685447872
frame_14.jpg,0.00018092524260282516
frame_12.jpg,0.0002789570717141032
frame_2.jpg,0.00014364767412189394
frame_7.jpg,0.00028265969012863934
frame_10.jpg,0.00021611749252770096
frame_6.jpg,0.00019268626056145877
frame_4.jpg,0.00017251676763407886
frame_9.jpg,0.0002103053411701694
frame_3.jpg,0.00017960468539968133
frame_5.jpg,0.00025192429893650115
frame_8.jpg,0.00020974865765310824
frame_0.jpg,0.00022250140318647027
frame_11.jpg,0.00021040123829152435
frame_1.jpg,0.0002537844702601433
frame_2.jpg,0.00019053553114645183
frame_7.jpg,0.0002578849089331925
frame_0.jpg,0.00021582486806437373
frame_10.jpg,0.00032507735886611044
frame_13.jpg,0.00034542239154689014
frame_6.jpg,0.00031059066532179713
frame_4.jpg,0.00034001906169578433
frame_9.jpg,0.0003102813789155334
frame_3.jpg,0.00031152396695688367
frame_5.jpg,0.0002779429778456688
frame_8.jpg,0.0003178680199198425
frame_0.jpg,0.00022306003666017205
frame_11.jpg,0.0003399536944925785
frame_1.jpg,0.0002846946008503437
frame_14.jpg,0.00027491323999129236
frame_12.jpg,0.0004144017875660211
frame_2.jpg,0.00033608372905291617
frame_7.jpg,0.00027720886282622814
frame_6.jpg,0.00023376333410851657
frame_4.jpg,0.0002858216466847807
frame_3.jpg,0.00029042267124168575
frame_5.jpg,0.0003303507692180574
frame_0.jpg,0.0003029248910024762
frame_1.jpg,0.00017183578165713698
frame_2.jpg,0.00018555134010966867
frame_7.jpg,0.00026713139959611
frame_10.jpg,0.00020955255604349077
frame_13.jpg,0.00018777343211695552
frame_6.jpg,0.00040933993295766413
frame_4.jpg,0.0003433807287365198
frame_9.jpg,0.00020433598547242582
frame_3.jpg,0.0003025329497177154
frame_5.jpg,0.0003176983445882797
frame_8.jpg,0.0003458613355178386
frame_0.jpg,0.0013904455117881298
frame_11.jpg,0.0002071257185889408
frame_1.jpg,0.00038154059438966215
frame_14.jpg,0.0002469979808665812
frame_12.jpg,0.0002666850050445646
frame_2.jpg,0.0016189581947401166
frame_7.jpg,0.00019279304251540452
frame_0.jpg,0.00024388283782172948
frame_0.jpg,0.00026284807245247066
frame_0.jpg,0.00013995599874760956
frame_0.jpg,0.00018798965902533382
frame_10.jpg,0.0002050303592113778
frame_13.jpg,0.00027072400553151965
frame_6.jpg,0.00024263642262667418
frame_9.jpg,0.00028167181881144643
frame_5.jpg,0.00018788644229061902
frame_8.jpg,0.0002376207703491673
frame_0.jpg,0.00013537018094211817
frame_11.jpg,0.00020902931282762438
frame_1.jpg,0.00016500975470989943
frame_14.jpg,0.00027914546080864966
frame_12.jpg,0.00019810146477539092
frame_2.jpg,0.00019863709167111665
frame_7.jpg,0.00024003539874684066
frame_0.jpg,0.00016884840442799032
frame_4.jpg,0.00015103502664715052
frame_3.jpg,0.00021807794109918177
frame_0.jpg,0.00033521780278533697
frame_1.jpg,0.00018406411982141435
frame_2.jpg,0.00027657210011966527
